EnsemblID,gene_name,logFC,logCPM,PValue,FDR,F,gene_biotype,GroupA_AvgCPM,GroupB_AvgCPM,GroupA_stdv,GroupB_stdv,log10FDR,alias,mygene_name,summary
C1_00070W_A,MVD,1.03041,6.86741,5.63E-05,0.000636636,45.5276,protein_coding,76.6512,156.569,16.2533,17.9247,3.19611,NA,diphosphomevalonate decarboxylase,NA
C1_00140W_A,KEL1,1.31983,8.01606,1.37E-06,7.84E-05,107.503,protein_coding,147.989,369.473,4.08939,68.4253,4.10574,NA,Kel1p,NA
C1_00350C_A,HMX1,-1.19678,9.91974,0.000100132,0.000890435,39.4975,protein_coding,1348.47,588.221,173.955,156.336,3.0504,NA,Hmx1p,NA
C1_00360W_A,CDC13,-1.23517,4.58924,3.61E-05,0.00049083,50.7063,protein_coding,33.4757,14.2123,4.80623,3.44383,3.30907,NA,Cdc13p,NA
C1_00390W_A,ENA2,-1.21683,10.5439,1.47E-05,0.000270642,62.6719,protein_coding,2087.3,898.006,379.839,85.1414,3.5676,NA,Na(+)-exporting P-type ATPase,NA
C1_00550W_A,CIS2,1.06485,4.98919,1.16E-05,0.000235798,66.225,protein_coding,20.4282,42.7486,2.79043,5.84408,3.62746,NA,gamma-glutamyltransferase,NA
C1_00840C_A,NRM1,1.51299,3.19093,0.00047183,0.00253614,26.524,protein_coding,4.65869,13.3015,1.25355,5.48891,2.59583,NA,Nrm1p,NA
C1_00880W_A,C1_00880W_A,1.34977,5.14556,0.00238217,0.00834049,16.7221,protein_coding,19.8756,50.6354,6.38555,19.1966,2.07881,NA,uncharacterized protein,NA
C1_00910W_A,C1_00910W_A,1.4924,3.34289,6.08E-06,0.000164009,76.8814,protein_coding,5.2414,14.7467,1.38686,0.790099,3.78513,NA,uncharacterized protein,NA
C1_00950C_A,CDC5,2.19297,7.33791,3.04E-05,0.000427263,54.2151,protein_coding,58.0334,265.281,26.6318,30.6917,3.3693,NA,polo kinase,NA
C1_01240W_A,IFD3,1.05134,6.19666,0.00195438,0.00720795,17.7824,protein_coding,47.6469,98.8062,2.18332,44.5073,2.14219,NA,Ifd3p,NA
C1_01440C_A,POX18,2.63294,3.11404,1.38E-05,0.000258393,64.6482,protein_coding,2.36809,14.7532,0.673702,6.63858,3.58772,NA,Pox18p,NA
C1_01450W_A,ABC1,-1.2506,5.20154,0.000107406,0.000925385,39.0569,protein_coding,51.4973,21.6157,12.252,4.67836,3.03368,NA,protein kinase,NA
C1_01510W_A,C1_01510W_A,-1.32799,3.86956,0.00338623,0.0109317,14.9448,protein_coding,20.5795,8.17953,6.88235,3.53561,1.96131,NA,uncharacterized protein,NA
C1_01980W_A,HGT1,-1.49545,11.2179,4.38E-06,0.000142186,82.8257,protein_coding,3516.14,1247.05,657.943,160.213,3.84714,NA,Hgt1p,NA
C1_02070W_A,HSP31,1.28743,3.42669,0.0109697,0.0274266,9.88757,protein_coding,6.17148,15.0307,3.24528,6.41679,1.56183,NA,Hsp31p,NA
C1_02120C_A,SHA3,-1.11133,8.60536,0.000498248,0.00264197,26.1277,protein_coding,532.153,246.308,150.598,49.7995,2.57807,NA,putative serine/threonine protein kinase,NA
C1_02210W_A,C1_02210W_A,1.84149,5.30772,1.35E-06,7.84E-05,107.705,protein_coding,17.2208,61.7552,2.07435,16.2062,4.10574,NA,uncharacterized protein,NA
C1_02370C_A,C1_02370C_A,1.30428,3.70974,0.00039111,0.00225174,27.9079,protein_coding,7.45666,18.4309,1.71105,6.00156,2.64748,NA,uncharacterized protein,NA
C1_02420C_A,GSC1,-1.20297,6.95484,2.67E-07,3.91E-05,153.603,protein_coding,172.681,74.9922,19.1149,3.70538,4.40728,NA,"1,3-beta-glucan synthase",NA
C1_02480W_A,PMM1,-1.06845,6.5073,3.75E-05,0.000495908,50.2549,protein_coding,122.888,58.5963,20.8571,9.78072,3.3046,NA,phosphomannomutase,NA
C1_02520W_A,SCW4,5.67947,8.24681,4.99E-05,0.000588517,48.0312,protein_coding,11.6569,595.698,12.9585,151.043,3.23024,NA,Scw4p,NA
C1_02730W_A,C1_02730W_A,2.16572,1.89989,1.65E-05,0.000284521,61.1509,protein_coding,1.29751,5.85426,0.380383,1.83248,3.54589,NA,uncharacterized protein,NA
C1_02800W_A,C1_02800W_A,-1.56135,3.88145,0.00179361,0.00670062,18.2573,protein_coding,21.6707,7.29656,8.75667,3.18414,2.17388,NA,uncharacterized protein,NA
C1_02810W_A,RAD16,-1.07088,7.192,6.56E-05,0.000685537,43.857,protein_coding,197.826,94.1489,23.9339,21.2116,3.16397,NA,DNA repair protein,NA
C1_02980W_A,GOR1,1.72316,4.62123,0.000222693,0.00154631,32.8566,protein_coding,11.3918,37.5905,5.07795,8.8563,2.8107,NA,glyoxylate reductase,NA
C1_03040W_A,C1_03040W_A,-1.3096,4.42114,0.000274875,0.0017708,30.6671,protein_coding,30.2049,12.1647,8.74457,3.13056,2.75183,NA,,NA
C1_03340C_A,SEC62,-1.53978,7.91029,8.31E-07,6.25E-05,119.953,protein_coding,357.647,122.999,59.7943,15.0595,4.20426,NA,Sec63 complex subunit,NA
C1_03680W_A,ENG1,2.84751,6.26439,3.01E-08,1.03E-05,245.506,protein_coding,18.7273,134.83,3.01412,32.4112,4.9888,NA,"endo-1,3(4)-beta-glucanase",NA
C1_04170C_A,HTA2,1.20259,8.75994,0.00255556,0.00879878,16.356,protein_coding,262.543,604.236,104.746,176.587,2.05558,NA,histone H2A,NA
C1_04180W_A,HTB2,1.13147,8.80098,0.00568021,0.0163281,12.5605,protein_coding,279.495,612.307,120.555,181.737,1.78706,NA,uncharacterized protein,NA
C1_04300C_A,SSA2,-1.96361,6.26892,0.000808577,0.00371484,23.0908,protein_coding,122.31,31.3925,68.6125,10.0622,2.43006,NA,Hsp70 family chaperone,NA
C1_04330W_A,RPN4,-1.37664,6.60478,0.000199534,0.00143536,33.8159,protein_coding,140.194,53.9657,35.0898,16.2524,2.84304,NA,stress-regulated transcription factor,NA
C1_04350C_A,C1_04350C_A,2.76566,3.64249,4.63E-09,5.52E-06,363.787,protein_coding,3.15479,21.5477,0.559996,2.10534,5.25792,NA,uncharacterized protein,NA
C1_04450C_A,FMA1,1.10243,4.79231,0.000450049,0.00245705,26.8654,protein_coding,17.5011,37.6511,3.5935,11.0881,2.60959,NA,Fma1p,NA
C1_04930C_A,C1_04930C_A,-1.7245,2.17708,0.00144552,0.00574051,19.4531,protein_coding,6.59528,1.98608,3.15826,0.869996,2.24105,NA,uncharacterized protein,NA
C1_04990C_A,C1_04990C_A,1.16922,2.23045,8.39E-05,0.000798546,41.2941,protein_coding,2.78519,6.27706,0.501893,1.05424,3.0977,NA,uncharacterized protein,NA
C1_05080W_A,GPT1,4.26878,6.51171,1.06E-05,0.000222926,69.6235,protein_coding,9.01168,173.386,5.9856,77.8022,3.65184,NA,Gpt1p,NA
C1_05140W_A,BRG1,-1.53619,9.37468,2.04E-05,0.000328671,58.0545,protein_coding,986.906,340.264,290.053,34.5675,3.48324,NA,GATA-type transcription factor BRG1,NA
C1_05150C_A,C1_05150C_A,-1.5801,1.71925,3.17E-06,0.000121352,89.1952,protein_coding,4.6347,1.53972,0.39151,0.245669,3.91595,NA,uncharacterized protein,NA
C1_05160C_A,C1_05160C_A,-1.0892,8.57898,8.20E-06,0.000197061,71.787,protein_coding,519.973,244.389,84.2352,14.8711,3.7054,NA,uncharacterized protein,NA
C1_05520W_A,C1_05520W_A,2.17406,3.22467,1.24E-05,0.000242587,65.8254,protein_coding,3.33299,15.0562,0.926638,5.01414,3.61513,NA,uncharacterized protein,NA
C1_05760C_A,PGA26,3.32352,1.46333,1.32E-06,7.71E-05,110.566,protein_coding,0.465635,4.73777,0.237679,1.05815,4.11289,NA,Pga26p,NA
C1_05890W_A,C1_05890W_A,5.47126,7.61903,1.35E-05,0.000255436,65.7892,protein_coding,8.6891,384.332,8.41005,109.229,3.59272,NA,uncharacterized protein,NA
C1_05950C_A,C1_05950C_A,1.26469,5.01469,0.00017383,0.00129879,34.5513,protein_coding,18.9207,45.4763,5.71204,9.46182,2.88646,NA,uncharacterized protein,NA
C1_05960W_A,PGA45,3.16041,8.57607,6.74E-06,0.000175191,77.4341,protein_coding,76.7778,686.326,37.9977,170.916,3.75649,NA,Pga45p,NA
C1_05970W_A,C1_05970W_A,3.03289,1.71671,0.000784096,0.00361958,23.414,protein_coding,0.678811,5.56724,0.46919,3.98141,2.44134,NA,uncharacterized protein,NA
C1_06130C_A,HAC1,-1.02774,6.05042,0.00319736,0.0104736,15.2253,protein_coding,88.6228,43.4474,26.5225,12.8021,1.9799,NA,transcription factor,NA
C1_06140C_A,C1_06140C_A,-2.31905,2.96779,0.000478358,0.00256333,26.7579,protein_coding,12.6435,2.51038,5.98339,1.54863,2.5912,NA,,NA
C1_06280C_A,UME6,-1.34819,6.48053,0.000152575,0.00119707,36.2573,protein_coding,127.93,50.2358,42.9555,8.58851,2.92188,NA,Zn(II)2Cys6 transcription factor UME6,NA
C1_06340W_A,C1_06340W_A,-1.19356,3.34857,0.000924004,0.00408026,21.9807,protein_coding,13.8751,6.02578,2.88654,2.29321,2.38931,NA,uncharacterized protein,NA
C1_06690W_A,CYK3,1.33049,3.12394,5.53E-05,0.000627794,45.7487,protein_coding,4.87487,12.2655,1.35652,1.80341,3.20218,NA,Cyk3p,NA
C1_06700W_A,C1_06700W_A,1.30603,4.96035,9.79E-06,0.000219215,68.9144,protein_coding,17.8443,44.1413,2.89291,7.88427,3.65913,NA,uncharacterized protein,NA
C1_06860W_A,C1_06860W_A,2.32251,3.59498,6.05E-07,5.28E-05,128.611,protein_coding,3.97027,19.9009,0.590608,5.07172,4.27715,NA,uncharacterized protein,NA
C1_06870C_A,C1_06870C_A,3.49195,4.77024,2.04E-06,9.53E-05,101.861,protein_coding,4.42948,49.8237,1.38009,21.8329,4.02069,NA,uncharacterized protein,NA
C1_07030C_A,RBT4,-1.18795,8.00989,5.25E-06,0.000156973,79.4791,protein_coding,357.962,157.125,22.7816,28.8443,3.80418,NA,Rbt4p,NA
C1_07070C_A,DHH1,-1.2724,4.28913,1.27E-07,2.22E-05,180.439,protein_coding,27.3435,11.3115,2.0723,0.579362,4.65276,NA,DExD/H-box ATP-dependent RNA helicase,NA
C1_07170C_A,ZCF23,-1.19039,5.43947,0.000113753,0.000962836,38.4927,protein_coding,60.038,26.2747,10.9711,6.42645,3.01645,NA,Zcf23p,NA
C1_07370C_A,CPH1,-1.05769,4.7417,1.21E-05,0.000240676,65.6162,protein_coding,35.8646,17.2246,6.47906,1.24591,3.61857,NA,homeodomain family transcription factor,NA
C1_07580C_A,PRY1,6.37195,6.50555,5.53E-06,0.000159277,81.1243,protein_coding,2.17973,179.382,2.62408,48.4445,3.79785,NA,Pry1p,NA
C1_07640C_A,C1_07640C_A,1.05763,5.69327,0.000415091,0.00234362,27.461,protein_coding,33.4792,69.6689,5.49696,18.8595,2.63011,NA,uncharacterized protein,NA
C1_07790C_A,C1_07790C_A,1.05403,3.91457,0.00079933,0.00368403,22.9065,protein_coding,9.68007,20.1125,1.99834,5.38636,2.43368,NA,uncharacterized protein,NA
C1_07930C_A,ERD1,1.21725,1.94819,0.000250377,0.00167438,31.2613,protein_coding,2.2107,5.16512,0.665955,0.506492,2.77615,NA,Erd1p,NA
C1_07990C_A,C1_07990C_A,1.3544,5.36361,0.00146663,0.00581237,19.402,protein_coding,23.0662,58.9487,6.17576,22.257,2.23565,NA,uncharacterized protein,NA
C1_08010W_A,DPM1,-1.17853,8.33391,9.42E-05,0.000856466,40.0997,protein_coding,447.272,197.596,72.1462,52.14,3.06729,NA,dolichyl-phosphate beta-D-mannosyltransferase,NA
C1_08170C_A,BUL1,1.38482,3.96103,2.73E-05,0.000397656,54.2103,protein_coding,8.54438,22.298,2.5319,1.64755,3.40049,NA,Bul1p,NA
C1_08240C_A,C1_08240C_A,-1.59469,1.89518,0.00157513,0.00609653,18.8105,protein_coding,5.26265,1.7281,2.59221,0.366847,2.21492,NA,uncharacterized protein,NA
C1_08330C_A,ADH2,3.35211,10.9794,6.10E-07,5.28E-05,129.795,protein_coding,360.141,3677.63,54.8044,1681.54,4.27715,NA,alcohol dehydrogenase,NA
C1_08350C_A,C1_08350C_A,-1.26703,11.577,5.64E-06,0.000159277,78.2003,protein_coding,4316.34,1793.5,716.231,113.194,3.79785,NA,uncharacterized protein,NA
C1_08360C_A,OLE1,-1.16281,12.2478,6.18E-06,0.000165932,76.5841,protein_coding,6723.6,3003.01,162.534,432.092,3.78007,NA,stearoyl-CoA 9-desaturase,NA
C1_08570C_A,PCL2,2.68503,3.86536,4.17E-05,0.000523917,50.198,protein_coding,3.89447,25.0119,2.8089,3.68776,3.28074,NA,cyclin,NA
C1_08580C_A,VCX1,1.24762,7.59271,8.18E-06,0.000197061,71.8298,protein_coding,114.325,271.474,20.6316,37.2969,3.7054,NA,Vcx1p,NA
C1_08610C_A,C1_08610C_A,-1.44557,9.04077,0.000507383,0.00267924,26.3186,protein_coding,770.109,282.725,332.526,35.4154,2.57199,NA,uncharacterized protein,NA
C1_08740C_A,SEC24,-1.15882,9.32456,5.24E-06,0.000156973,79.508,protein_coding,885.355,396.524,73.1358,63.1224,3.80418,NA,COPII subunit,NA
C1_08790W_A,TPO3,-2.75609,3.93171,0.000343569,0.00207718,29.2774,protein_coding,26.121,3.83928,17.2266,1.07196,2.68253,NA,spermine transporter,NA
C1_08900W_A,C1_08900W_A,1.66079,5.12713,8.62E-07,6.25E-05,118.986,protein_coding,16.7247,52.8796,3.17704,7.30783,4.20426,NA,uncharacterized protein,NA
C1_09050W_A,HST1,1.00008,3.89661,8.99E-05,0.000834437,40.5716,protein_coding,9.81936,19.6603,1.98397,2.52235,3.07861,NA,histone deacetylase,NA
C1_09080C_A,PGA6,1.9949,1.2506,0.000771255,0.00358025,23.0913,protein_coding,0.886867,3.54729,0.535162,1.47121,2.44609,NA,Pga6p,NA
C1_09150W_A,AOX2,-1.99961,6.52165,0.00168089,0.00637143,18.6204,protein_coding,146.625,36.5774,50.2266,24.7094,2.19576,NA,Aox2p,NA
C1_09290C_A,ARG5,-2.05048,6.58724,4.93E-05,0.00058382,48.1734,protein_coding,154.574,37.3096,68.505,5.35609,3.23372,NA,bifunctional acetylglutamate kinase/N-acetyl-gamma-glutamyl-phosphate reductase,NA
C1_09310C_A,C1_09310C_A,1.34637,4.32952,5.16E-07,5.11E-05,133.166,protein_coding,11.2608,28.6397,1.23443,2.97364,4.29177,NA,uncharacterized protein,NA
C1_09320C_A,C1_09320C_A,-1.00398,5.85367,0.00163092,0.00623342,18.7914,protein_coding,76.8664,38.3334,24.9442,5.35681,2.20527,NA,uncharacterized protein,NA
C1_09400C_A,FTH1,-1.39069,5.62984,4.17E-07,4.74E-05,139.452,protein_coding,71.3856,27.1991,7.64223,3.4724,4.32408,NA,Fth1p,NA
C1_09580C_A,LIP1,6.24388,1.24179,4.68E-07,4.85E-05,70.1758,protein_coding,0.0474891,4.41341,0.0949783,2.39239,4.31458,NA,Lip1p,NA
C1_09700W_A,C1_09700W_A,-1.55568,0.0793528,0.00614717,0.017386,12.1687,protein_coding,1.28835,0.4165,0.307777,0.332106,1.7598,NA,uncharacterized protein,NA
C1_09730W_A,DAM1,1.17541,2.76892,0.00182298,0.0067841,17.9923,protein_coding,4.09179,9.25572,1.5073,2.44187,2.16851,NA,Dam1p,NA
C1_10060C_A,C1_10060C_A,-1.23289,5.492,0.000355585,0.00211711,29.0028,protein_coding,62.8482,26.7322,6.20588,9.71163,2.67426,NA,uncharacterized protein,NA
C1_10360C_A,C1_10360C_A,1.55279,4.46539,1.08E-06,7.45E-05,113.23,protein_coding,11.1516,32.731,0.862901,6.07946,4.12761,NA,uncharacterized protein,NA
C1_10400C_A,FGR41,3.95307,7.57343,9.54E-08,1.98E-05,200.677,protein_coding,23.1005,357.686,8.28849,87.0311,4.70426,NA,Fgr41p,NA
C1_10430W_A,PHO8,1.74231,2.19989,2.90E-07,3.91E-05,151.014,protein_coding,2.0359,6.83345,0.229419,0.481674,4.40728,NA,Pho8p,NA
C1_10570C_A,C1_10570C_A,-1.70495,0.775314,0.00012176,0.00101286,37.8642,protein_coding,2.31732,0.704038,0.472307,0.214057,2.99445,NA,uncharacterized protein,NA
C1_10580C_A,C1_10580C_A,-1.71229,1.65766,0.00061188,0.0030657,24.5943,protein_coding,4.50116,1.3656,2.10066,0.154584,2.51347,NA,uncharacterized protein,NA
C1_10800C_A,ALP1,-1.27666,6.54055,9.71E-06,0.000218103,69.055,protein_coding,131.476,54.2338,13.5155,11.8697,3.66134,NA,Alp1p,NA
C1_11080W_A,C1_11080W_A,-1.78323,5.22191,0.000274378,0.0017708,31.091,protein_coding,57.4725,16.6423,17.0679,7.22696,2.75183,NA,6-phosphofructo-2-kinase,NA
C1_11200W_A,C1_11200W_A,1.34991,9.80217,1.67E-05,0.000285816,60.9122,protein_coding,503.052,1282.25,126.71,121.523,3.54391,NA,uncharacterized protein,NA
C1_11320C_A,C1_11320C_A,-1.3782,12.1704,1.31E-06,7.71E-05,108.423,protein_coding,6657.49,2561.12,847.122,165.229,4.11289,NA,uncharacterized protein,NA
C1_11340W_A,PRM1,-1.37462,0.571209,0.000324885,0.00199552,29.346,protein_coding,1.86571,0.716417,0.263975,0.193505,2.69994,NA,pheromone-regulated protein,NA
C1_11440C_A,GIN1,1.1014,4.4579,0.00633262,0.0178063,12.0924,protein_coding,13.886,29.7934,5.07461,11.8001,1.74943,NA,chromatin-modulating protein,NA
C1_11470C_A,DPP1,-1.00206,4.10795,2.96E-05,0.000422415,53.1828,protein_coding,22.7115,11.3373,4.06789,0.435427,3.37426,NA,Dpp1p,NA
C1_11530C_A,C1_11530C_A,1.26811,2.38932,5.36E-06,0.000157792,79.1441,protein_coding,2.97357,7.1642,0.467819,0.342128,3.80191,NA,sulfonate dioxygenase,NA
C1_11660W_A,GAD1,1.08234,6.96368,9.10E-05,0.000842374,40.4555,protein_coding,79.9828,169.341,21.1479,10.428,3.0745,NA,glutamate decarboxylase,NA
C1_11670W_A,C1_11670W_A,1.37471,10.9523,4.61E-05,0.000555805,47.7985,protein_coding,1102.78,2859.68,297.931,434.366,3.25508,NA,uncharacterized protein,NA
C1_11730W_A,C1_11730W_A,1.2576,5.8375,0.000239894,0.001623,32.2175,protein_coding,33.6495,80.4379,11.3983,10.7709,2.78968,NA,uncharacterized protein,NA
C1_11860W_A,C1_11860W_A,-1.05497,7.50032,0.00012499,0.00103086,37.3566,protein_coding,244.158,117.492,37.056,26.2966,2.9868,NA,uncharacterized protein,NA
C1_11870W_A,MUP1,-1.17635,7.85393,2.75E-06,0.00011257,91.9896,protein_coding,320.46,141.77,30.8454,20.4492,3.94858,NA,Mup1p,NA
C1_11990W_A,C1_11990W_A,4.01394,4.9398,2.25E-08,1.00E-05,264.734,protein_coding,3.56645,57.6533,1.11242,14.8532,4.99924,NA,uncharacterized protein,NA
C1_12010C_A,KIP4,1.70901,4.79788,1.34E-05,0.000254328,64.6378,protein_coding,12.9679,42.389,3.62241,9.2548,3.59461,NA,Kip4p,NA
C1_12670C_A,C1_12670C_A,1.1315,3.08844,1.53E-05,0.000276105,62.0933,protein_coding,5.22585,11.4537,0.782393,1.39459,3.55893,NA,U4/U6-U5 snRNP complex subunit,NA
C1_12780W_A,RBK1,1.42861,5.74913,1.59E-06,8.71E-05,103.978,protein_coding,29.0586,78.2467,3.44337,13.7211,4.06016,NA,putative ribokinase,NA
C1_12910W_A,C1_12910W_A,-1.14431,5.29456,0.00131012,0.00532619,20.0659,protein_coding,53.7463,24.2632,6.01566,9.34033,2.27358,NA,uncharacterized protein,NA
C1_13080W_A,OP4,5.86697,6.62481,2.35E-06,0.00010597,98.6333,protein_coding,3.33787,193.829,3.15741,34.4702,3.97482,NA,Op4p,NA
C1_13100W_A,C1_13100W_A,-1.18711,7.75639,2.31E-05,0.000355334,56.3931,protein_coding,300.166,131.809,51.7214,23.8661,3.44936,NA,uncharacterized protein,NA
C1_13140C_A,TYE7,-1.2158,7.83257,0.000173682,0.00129879,34.5582,protein_coding,318.369,137.037,75.3274,32.6048,2.88646,NA,regulatory transcription factor TYE7,NA
C1_13160W_A,PSA2,1.00808,6.47144,0.00319128,0.0104655,15.2346,protein_coding,58.8479,118.323,23.011,19.6016,1.98024,NA,Psa2p,NA
C1_13400C_A,AGC1,-1.13426,5.78778,7.57E-06,0.000188892,73.1113,protein_coding,75.5965,34.4349,14.1707,2.12124,3.72379,NA,amino acid transporter,NA
C1_13480W_A,HSP70,-2.24689,10.201,4.38E-05,0.000538587,49.6157,protein_coding,1944.08,409.564,937.682,31.5668,3.26874,NA,Hsp70 family chaperone,NA
C1_13570W_A,MPT5,-1.06286,3.58076,4.98E-06,0.000154482,80.4412,protein_coding,15.9096,7.60058,1.72625,0.669396,3.81112,NA,Mpt5p,NA
C1_13630W_A,CYB2,1.01099,8.82505,0.00936297,0.0240855,10.4961,protein_coding,300.741,606.106,102,265.37,1.61824,NA,Cyb2p,NA
C1_13780W_A,MYO2,-1.50024,6.11522,5.06E-08,1.34E-05,219.456,protein_coding,102.093,36.0825,8.63193,3.68466,4.87291,NA,myosin 2,NA
C1_13810W_A,C1_13810W_A,1.27589,6.57651,3.90E-05,0.000499611,50.1325,protein_coding,55.7098,134.912,11.1178,29.6405,3.30137,NA,uncharacterized protein,NA
C1_13850C_A,DAL7,2.48061,4.36218,1.42E-08,8.92E-06,287.149,protein_coding,6.20838,34.6743,1.26167,2.9033,5.04974,NA,Dal7p,NA
C1_14120C_A,RBE1,4.0728,4.74751,1.47E-08,8.92E-06,289.536,protein_coding,3.00144,50.4982,1.24589,4.08637,5.04974,NA,sterol-binding protein,NA
C1_14190C_A,YPI1,-1.04196,6.80452,5.00E-05,0.000588517,46.8589,protein_coding,150.173,72.9311,32.7483,5.61856,3.23024,NA,type 1 protein phosphatase-activating protein,NA
C1_14370W_A,C1_14370W_A,-1.52205,0.246221,0.0104022,0.0262682,10.0489,protein_coding,1.46582,0.500611,0.537793,0.407219,1.58057,NA,,NA
C1_14420W_A,DDI1,-1.01376,7.62631,2.90E-07,3.91E-05,150.89,protein_coding,263.993,130.741,14.3837,6.06641,4.40728,NA,Ddi1p,NA
C2_00180C_A,C2_00180C_A,2.14123,6.22707,1.05E-05,0.000222926,69.7539,protein_coding,27.6407,121.884,8.98952,29.6039,3.65184,NA,uncharacterized protein,NA
C2_00240C_A,SOD6,-1.25529,4.02381,0.000221,0.0015434,32.4658,protein_coding,22.6222,9.48819,5.27565,2.55791,2.81152,NA,Sod6p,NA
C2_00660C_A,SOD4,2.41006,4.82433,1.36E-07,2.31E-05,177.803,protein_coding,8.92611,47.4867,0.698614,12.1142,4.63611,NA,Sod4p,NA
C2_00890W_A,C2_00890W_A,1.02659,2.93991,4.44E-05,0.000545718,48.2384,protein_coding,4.94252,10.0653,1.01941,0.501871,3.26303,NA,uncharacterized protein,NA
C2_01000W_A,HGT7,-1.70618,5.48225,0.0130173,0.0313505,9.25245,protein_coding,68.0517,20.8129,33.6427,14.9898,1.50376,NA,Hgt7p,NA
C2_01120W_A,KAR2,-1.88016,9.24166,0.000443719,0.00243461,27.3074,protein_coding,951.696,258.501,296.114,134.05,2.61357,NA,Hsp70 family ATPase,NA
C2_01180W_A,COX17,-1.31529,4.24001,0.000975186,0.00424166,21.8803,protein_coding,26.6237,10.6817,10.7896,2.1082,2.37246,NA,copper metallochaperone,NA
C2_01210C_A,HNM1,-1.15938,6.94857,4.29E-05,0.000531956,48.6331,protein_coding,170.319,76.2452,41.2714,6.04975,3.27412,NA,Hnm1p,NA
C2_01240C_A,CHL1,1.06882,2.38523,0.000185661,0.00135745,33.7794,protein_coding,3.26191,6.84886,0.692134,1.06452,2.86728,NA,uncharacterized protein,NA
C2_01380W_A,PLB4.5,2.79618,4.49992,8.04E-09,6.66E-06,323.849,protein_coding,5.66033,39.3592,0.89876,6.54154,5.17667,NA,Plb4.5p,NA
C2_01410C_A,CLB2,2.06533,3.14648,1.41E-06,7.96E-05,106.722,protein_coding,3.35247,14.0586,1.121,1.42374,4.09924,NA,B-type cyclin,NA
C2_01630W_A,C2_01630W_A,-1.10196,6.78149,8.96E-06,0.000209555,70.3322,protein_coding,149.793,69.7681,16.0269,11.4631,3.6787,NA,uncharacterized protein,NA
C2_01950C_A,AMN1,3.31908,4.28171,1.40E-09,3.75E-06,467.299,protein_coding,3.51411,35.1671,0.315948,6.50357,5.42622,NA,Amn1p,NA
C2_01960C_A,C2_01960C_A,3.35424,0.00940051,7.64E-05,0.000757094,37.1266,protein_coding,0.137255,1.53709,0.158517,0.512177,3.12085,NA,,NA
C2_02050C_A,C2_02050C_A,2.50416,4.80388,4.17E-07,4.74E-05,141.1,protein_coding,8.33611,47.2784,2.65594,6.73719,4.32408,NA,uncharacterized protein,NA
C2_02060C_A,FMO1,2.95068,5.53627,7.14E-07,5.83E-05,128.863,protein_coding,10.5988,82.0472,0.73083,32.9881,4.23402,NA,Fmo1p,NA
C2_02220C_A,C2_02220C_A,1.38236,1.02829,0.00896483,0.0232564,10.577,protein_coding,1.0261,2.67771,0.117328,1.67102,1.63346,NA,uncharacterized protein,NA
C2_02230C_A,C2_02230C_A,5.22405,5.71661,1.80E-06,9.22E-05,104.82,protein_coding,2.74775,102.219,2.51052,9.45118,4.03515,NA,uncharacterized protein,NA
C2_02570W_A,C2_02570W_A,4.32451,6.85267,2.03E-06,9.53E-05,101.987,protein_coding,10.9941,220.014,5.57806,84.4612,4.02069,NA,uncharacterized protein,NA
C2_02580W_A,C2_02580W_A,1.97795,6.90761,9.44E-07,6.67E-05,117.894,protein_coding,48.559,191.288,11.2726,32.9608,4.1756,NA,uncharacterized protein,NA
C2_02590W_A,ZRT2,1.14516,5.95813,0.00252837,0.00876764,16.4114,protein_coding,38.6306,85.4259,17.2863,19.1646,2.05712,NA,low-affinity Zn(2+) transporter,NA
C2_02610C_A,HGT20,-1.06188,3.41605,0.000267028,0.00175015,30.7268,protein_coding,14.1708,6.7694,3.11731,1.28834,2.75692,NA,Hgt20p,NA
C2_02910W_A,C2_02910W_A,-1.50378,3.02807,4.13E-05,0.000521364,49.0967,protein_coding,11.7544,4.11355,1.69474,1.23077,3.28286,NA,uncharacterized protein,NA
C2_02920W_A,C2_02920W_A,-1.54311,6.99496,4.45E-06,0.000142601,82.5183,protein_coding,189.573,65.0487,45.3306,6.91184,3.84588,NA,uncharacterized protein,NA
C2_02930C_A,ETT1,1.17799,4.19594,0.000101977,0.000897737,39.3189,protein_coding,11.1439,25.1939,3.01369,3.3094,3.04685,NA,uncharacterized protein,NA
C2_03120W_A,AMO1,2.02848,6.00391,0.000264062,0.00174179,31.4089,protein_coding,25.23,102.823,13.8873,18.2075,2.759,NA,Amo1p,NA
C2_03220C_A,STP4,-1.28295,6.57577,0.0039175,0.0122976,14.2457,protein_coding,134.882,55.4037,44.4314,24.0068,1.91018,NA,Stp4p,NA
C2_03350W_A,PGA17,5.60101,8.19643,5.62E-06,0.000159277,80.7695,protein_coding,11.8642,574.646,10.4623,121.827,3.79785,NA,Pga17p,NA
C2_03390C_A,HSP78,-2.37663,8.12615,0.000104015,0.000904166,39.9899,protein_coding,468.088,90.1318,265.147,4.54081,3.04375,NA,chaperone ATPase,NA
C2_03610W_A,FMO2,1.69318,6.46933,0.00939617,0.0241485,10.4822,protein_coding,41.8166,135.344,5.98675,131.889,1.61711,NA,Fmo2p,NA
C2_03640W_A,UGA11,4.34437,7.43639,1.03E-07,1.99E-05,197.305,protein_coding,16.2483,329.967,5.37831,101.398,4.70055,NA,Uga11p,NA
C2_03870W_A,GNA1,-1.02663,3.08563,5.67E-05,0.000639055,45.465,protein_coding,11.1193,5.43906,1.00638,1.07148,3.19446,NA,glucosamine 6-phosphate N-acetyltransferase,NA
C2_03890W_A,C2_03890W_A,1.25427,1.8604,0.000835359,0.00380174,22.5278,protein_coding,2.04937,4.88341,0.823322,0.727635,2.42002,NA,uncharacterized protein,NA
C2_04000C_A,C2_04000C_A,-4.6078,6.48775,3.00E-06,0.000117487,93.261,protein_coding,171.908,6.98152,75.9279,4.00215,3.93001,NA,uncharacterized protein,NA
C2_04010C_A,HSP21,-5.10314,10.4787,2.68E-06,0.00011257,95.6843,protein_coding,2772.62,80.5734,1184.26,47.1557,3.94858,NA,Hsp21p,NA
C2_04050C_A,DCK1,-1.37895,10.9066,7.64E-07,6.16E-05,122.165,protein_coding,2772.69,1066.09,260.656,115.574,4.21073,NA,guanine nucleotide exchange factor DCK1,NA
C2_04070C_A,C2_04070C_A,-1.12678,2.69676,0.0006915,0.00334434,23.7521,snRNA,8.60621,3.92672,2.17142,1.09211,2.47569,NA,,NA
C2_04190C_A,UGA1,-1.50111,10.7979,0.000362313,0.00214085,28.4862,protein_coding,2630.7,929.384,620.526,339.561,2.66941,NA,4-aminobutyrate transaminase,NA
C2_04210W_A,STE4,-1.22125,1.37066,0.0204648,0.0450927,7.64728,protein_coding,3.36406,1.44225,1.84981,0.52707,1.34589,NA,G protein subunit beta,NA
C2_04390W_A,C2_04390W_A,-1.02177,1.72851,3.71E-05,0.000494423,50.4014,protein_coding,4.17325,2.05338,0.270718,0.135132,3.3059,NA,uncharacterized protein,NA
C2_04460W_A,LYS22,1.05202,5.92867,0.0034124,0.0110101,14.9067,protein_coding,39.5557,82.024,13.6899,24.3689,1.95821,NA,Lys22p,NA
C2_04470W_A,ADH3,3.01612,4.34959,7.62E-05,0.000757087,43.2542,protein_coding,4.4647,36.2079,2.02119,23.2527,3.12085,NA,Adh3p,NA
C2_04480W_A,C2_04480W_A,1.31875,5.75387,4.14E-05,0.000521364,49.4206,protein_coding,30.8026,76.8441,5.11498,18.3512,3.28286,NA,uncharacterized protein,NA
C2_04690C_A,TPO5,1.18651,2.99132,1.26E-05,0.000246678,64.9741,protein_coding,4.75471,10.8189,0.971362,0.298057,3.60787,NA,Tpo5p,NA
C2_04940C_A,ITR1,-1.59895,6.54703,9.21E-05,0.000846504,41.2364,protein_coding,140.235,46.278,46.2153,9.17261,3.07237,NA,myo-inositol transporter,NA
C2_04970W_A,ABP2,1.42509,2.22688,3.03E-05,0.000427263,52.8891,protein_coding,2.44416,6.59494,0.612312,0.862809,3.3693,NA,Abp2p,NA
C2_05250C_A,AAT1,-1.13989,7.86887,4.91E-06,0.000153042,80.7065,protein_coding,321.272,145.791,54.1725,7.3691,3.81519,NA,aspartate transaminase,NA
C2_05460W_A,CDC19,1.29886,7.87362,0.000584363,0.0029679,25.3065,protein_coding,135.484,333.307,55.0175,30.5304,2.52755,NA,pyruvate kinase,NA
C2_05620W_A,KTI11,-1.06251,1.98738,0.0193075,0.0432052,7.83642,protein_coding,5.06858,2.42565,2.50533,0.820261,1.36446,NA,Kti11p,NA
C2_05770W_A,C2_05770W_A,-1.509,4.62966,0.000120734,0.00100577,38.503,protein_coding,36.2846,12.7701,11.9311,2.96527,2.9975,NA,uncharacterized protein,NA
C2_06100W_A,PMT4,-1.38261,8.92374,0.000117514,0.00098746,38.1777,protein_coding,701.694,269.097,113.267,91.1018,3.00548,NA,dolichyl-phosphate-mannose-protein mannosyltransferase,NA
C2_06660W_A,C2_06660W_A,1.26028,1.93586,0.00017663,0.00131126,34.2234,protein_coding,2.14457,5.13439,0.355188,1.21623,2.88231,NA,exosome non-catalytic core subunit,NA
C2_06670C_A,DBF2,1.42042,4.22058,1.38E-06,7.86E-05,107.217,protein_coding,10.0584,26.9453,1.49779,3.43498,4.10467,NA,serine/threonine-protein kinase,NA
C2_06700W_A,AMO2,1.40456,8.63043,0.00438403,0.0133291,13.7211,protein_coding,217.252,575.113,111.577,183.546,1.8752,NA,Amo2p,NA
C2_06760C_A,C2_06760C_A,1.99758,2.77728,1.27E-07,2.22E-05,180.53,protein_coding,2.67777,10.7352,0.39552,1.19173,4.65276,NA,uncharacterized protein,NA
C2_06870C_A,PST1,1.02752,7.44498,0.000754517,0.00353083,23.2831,protein_coding,114.601,233.593,38.9599,19.016,2.45212,NA,Pst1p,NA
C2_06890C_A,C2_06890C_A,-1.29021,4.391,9.93E-06,0.000220577,68.6947,protein_coding,29.477,12.0479,2.56066,2.71425,3.65644,NA,uncharacterized protein,NA
C2_06990W_A,C2_06990W_A,2.89093,7.42235,2.72E-07,3.91E-05,154.958,protein_coding,40.7338,302.137,10.9007,77.1114,4.40728,NA,uncharacterized protein,NA
C2_07070W_A,C2_07070W_A,1.19523,5.73681,0.000644154,0.00318127,24.6259,protein_coding,32.3406,74.0335,11.7274,12.5644,2.4974,NA,NADPH:quinone reductase,NA
C2_07380W_A,SSC1,-1.02093,9.04218,0.000123034,0.00102122,37.5057,protein_coding,706.005,347.908,162.261,38.8603,2.99088,NA,Hsp70 family ATPase,NA
C2_07390C_A,C2_07390C_A,1.29752,6.59135,7.85E-05,0.000770416,42.2362,protein_coding,55.6934,136.891,16.0152,21.6156,3.11327,NA,uncharacterized protein,NA
C2_07600C_A,MSC7,1.05502,5.50162,0.00179314,0.00670062,18.2578,protein_coding,29.3531,60.9924,9.81139,14.4109,2.17388,NA,meiotic recombination directing protein,NA
C2_07770C_A,C2_07770C_A,-1.56908,0.542982,0.00310692,0.0102526,15.2567,protein_coding,1.87759,0.635408,0.694326,0.322422,1.98916,NA,uncharacterized protein,NA
C2_07910C_A,C2_07910C_A,1.94725,1.3796,0.000107055,0.00092504,38.9397,protein_coding,0.9982,3.85511,0.403073,1.08629,3.03384,NA,uncharacterized protein,NA
C2_08055W_A,RPR1,1.04895,8.22576,0.000447332,0.0024509,26.9078,ncRNA,195.001,403.459,57.0066,61.5369,2.61068,NA,,NA
C2_08090W_A,C2_08090W_A,-1.47174,1.92525,0.000542808,0.00280749,25.4089,protein_coding,5.26658,1.88585,1.94482,0.384819,2.55168,NA,uncharacterized protein,NA
C2_08130W_A,ARA1.00,1.64359,5.32144,4.53E-06,0.000143486,82.2001,protein_coding,19.3267,60.377,5.30754,5.81037,3.84319,NA,D-arabinose 1-dehydrogenase (NAD(P)(+)),NA
C2_08260W_A,C2_08260W_A,3.5808,6.30909,4.36E-07,4.78E-05,143.819,protein_coding,12.2098,146.186,2.45495,53.1135,4.32086,NA,uncharacterized protein,NA
C2_08460C_A,C2_08460C_A,1.18014,4.55761,1.35E-05,0.000255436,63.9537,protein_coding,14.3265,32.4694,2.10188,5.46291,3.59272,NA,uncharacterized protein,NA
C2_08490W_A,DSE1,2.54651,6.06462,8.47E-07,6.25E-05,124.043,protein_coding,19.5243,114.14,2.02831,40.7706,4.20426,NA,Dse1p,NA
C2_08520C_A,C2_08520C_A,3.35721,1.67202,4.40E-06,0.000142186,84.0089,protein_coding,0.52752,5.57085,0.202338,2.22648,3.84714,NA,uncharacterized protein,NA
C2_08530C_A,C2_08530C_A,1.32554,0.741817,0.000511864,0.00269487,25.8917,protein_coding,0.842259,2.13382,0.288681,0.316656,2.56946,NA,putative asparagine synthase,NA
C2_08640C_A,PST2,2.67493,7.14099,9.78E-07,6.83E-05,120.13,protein_coding,38.1945,243.917,10.9412,63.3815,4.16545,NA,Pst2p,NA
C2_08790W_A,JEM1,-1.03249,5.65846,0.000930312,0.00409496,22.1797,protein_coding,67.5421,33.0097,18.0104,8.29622,2.38775,NA,Jem1p,NA
C2_08800C_A,APE3,2.03652,7.43493,1.59E-06,8.71E-05,104.981,protein_coding,67.7822,278.08,16.9596,54.9871,4.06016,NA,Ape3p,NA
C2_08870C_A,PIR1,2.46573,5.83929,5.08E-07,5.11E-05,135.142,protein_coding,17.5168,96.7724,4.44085,23.7412,4.29177,NA,"beta-1,3-glucan linked protein",NA
C2_08890W_A,C2_08890W_A,-1.23477,1.11207,0.000653253,0.00321798,24.1651,protein_coding,2.75838,1.1719,0.531417,0.33448,2.49242,NA,uncharacterized protein,NA
C2_09130C_A,IFF6,2.03806,6.16779,5.61E-06,0.000159277,80.8057,protein_coding,28.11,115.458,6.67578,33.6619,3.79785,NA,Iff6p,NA
C2_09410W_A,C2_09410W_A,1.38844,0.525652,0.00149567,0.00589923,19.101,protein_coding,0.687135,1.82594,0.263032,0.465563,2.2292,NA,,NA
C2_09590C_A,C2_09590C_A,1.69566,1.89864,5.06E-05,0.000591749,46.7672,protein_coding,1.67999,5.47319,0.527805,1.36388,3.22786,NA,Cu/Pi carrier,NA
C2_09630C_A,C2_09630C_A,-1.04184,1.51725,0.00538518,0.0156351,12.6622,protein_coding,3.57446,1.73727,1.33223,0.246039,1.8059,NA,uncharacterized protein,NA
C2_09680W_A,C2_09680W_A,-1.468,5.8019,0.000109011,0.000937757,39.5166,protein_coding,81.6016,29.4814,24.1634,7.10016,3.02791,NA,uncharacterized protein,NA
C2_09780C_A,IRC22-1,-1.10375,7.02709,0.000123373,0.00102188,37.7106,protein_coding,177.706,82.6803,38.1284,16.6234,2.9906,NA,uncharacterized protein,NA
C2_09800C_A,C2_09800C_A,5.25591,7.97038,9.54E-06,0.00021701,71.404,protein_coding,12.8147,488.601,10.2778,162.621,3.66352,NA,uncharacterized protein,NA
C2_09810C_A,C2_09810C_A,1.94615,6.37851,1.50E-05,0.000273104,64.166,protein_coding,34.2331,131.96,4.73314,49.4395,3.56367,NA,uncharacterized protein,NA
C2_09820W_A,C2_09820W_A,1.29989,4.43601,4.54E-07,4.82E-05,136.888,protein_coding,12.4122,30.5535,1.56877,2.07489,4.31737,NA,uncharacterized protein,NA
C2_09880C_A,C2_09880C_A,-1.42892,6.01433,0.00116258,0.00485635,20.7863,protein_coding,93.9088,34.8809,38.3408,9.6138,2.31369,NA,uncharacterized protein,NA
C2_09960W_A,C2_09960W_A,1.07737,4.30406,1.74E-06,9.19E-05,101.911,protein_coding,12.5998,26.602,1.13495,2.35107,4.03678,NA,thiosulfate sulfurtransferase,NA
C2_10150W_A,C2_10150W_A,3.82145,2.37278,7.79E-06,0.000192109,74.7804,protein_coding,0.657087,9.40334,0.324747,4.21177,3.71645,NA,uncharacterized protein,NA
C2_10290W_A,SLR1,-1.01557,7.8983,0.000161975,0.00124099,34.9747,protein_coding,318.935,157.763,83.0982,6.87905,2.90623,NA,Slr1p,NA
C2_10310C_A,KIP2,1.9071,4.37039,1.67E-05,0.000285816,61.3984,protein_coding,8.65746,32.4427,3.44198,3.04634,3.54391,NA,Kip2p,NA
C2_10350C_A,ACS1,1.04397,13.0699,2.87E-05,0.000413077,53.5584,protein_coding,5616.59,11580.9,459.434,1679.52,3.38397,NA,acetate--CoA ligase 1,NA
C2_10360C_A,HEM3,-1.19001,5.68122,9.38E-06,0.000214043,69.6055,protein_coding,71.0445,31.1254,7.32492,5.94259,3.6695,NA,hydroxymethylbilane synthase,NA
C2_10430C_A,FGR29,1.82475,2.67438,2.10E-05,0.000335969,57.6807,protein_coding,2.74222,9.70172,1.01892,1.46251,3.4737,NA,Fgr29p,NA
C2_10580W_A,UBC15,-1.12085,4.803,1.18E-06,7.62E-05,110.99,protein_coding,37.9567,17.4507,4.56668,1.02576,4.11785,NA,Ubc15p,NA
C2_10660W_A,ASH1,3.22479,5.30461,6.71E-07,5.64E-05,130.657,protein_coding,7.62418,71.2456,3.10767,18.0786,4.24855,NA,DNA-binding transcription repressor,NA
C2_10730W_A,C2_10730W_A,-1.45649,1.78426,0.000233313,0.00159522,31.8518,protein_coding,4.75515,1.70862,0.634322,0.697492,2.79718,NA,uncharacterized protein,NA
C2_10780C_A,PSO2,-1.35774,0.697064,0.000185894,0.00135745,33.9287,protein_coding,2.05065,0.789172,0.173909,0.208117,2.86728,NA,Pso2p,NA
C3_00180C_A,DAL1,5.33436,6.44102,5.08E-08,1.34E-05,230.114,protein_coding,4.19067,169.28,0.603403,73.2543,4.87291,NA,allantoinase,NA
C3_00220W_A,HGT19,1.20973,7.16797,0.000858241,0.00388453,22.7002,protein_coding,86.7377,200.622,34.4714,42.4807,2.41066,NA,Hgt19p,NA
C3_00310C_A,C3_00310C_A,-1.04565,4.56378,0.00040559,0.00230451,27.6326,protein_coding,31.565,15.2743,6.18533,4.00863,2.63742,NA,SUMO-targeted ubiquitin ligase complex subunit,NA
C3_00390W_A,C3_00390W_A,-1.04156,3.30417,1.12E-05,0.000229634,66.8579,protein_coding,13.0127,6.30941,1.67363,0.53503,3.63896,NA,Mn(2+) transporter,NA
C3_00650W_A,NGT1,2.2982,2.50147,1.52E-05,0.00027457,62.2716,protein_coding,1.86411,9.16718,0.920662,1.43957,3.56135,NA,Ngt1p,NA
C3_00860W_A,CSE4,1.23158,4.98262,4.02E-05,0.000511176,49.4092,protein_coding,18.802,44.1662,3.83756,8.87697,3.29143,NA,centromeric DNA-binding histone H3-like protein,NA
C3_01020W_A,C3_01020W_A,1.13099,5.4515,9.11E-05,0.000842374,40.4691,protein_coding,27.3425,59.876,7.05543,8.05435,3.0745,NA,uncharacterized protein,NA
C3_01100W_A,C3_01100W_A,2.28233,2.50344,1.18E-06,7.62E-05,111.07,protein_coding,1.87781,9.15526,0.647759,0.651292,4.11785,NA,uncharacterized protein,NA
C3_01110C_A,C3_01110C_A,1.13729,2.21535,5.79E-05,0.000641843,45.2459,protein_coding,2.78966,6.15156,0.425895,0.937118,3.19257,NA,uncharacterized protein,NA
C3_01240C_A,tR(CCU)1,-1.54356,2.08057,0.0027656,0.00933822,15.8332,tRNA,5.98763,2.048,2.30174,0.884803,2.02974,NA,,NA
C3_01370C_A,PGA44,1.25277,2.25884,0.000309484,0.00193361,29.56,protein_coding,2.72673,6.54485,0.454748,2.03248,2.71363,NA,Pga44p,NA
C3_01420C_A,C3_01420C_A,1.39461,9.27567,0.000202185,0.00145011,33.2265,protein_coding,341.49,897.901,12.1803,371.732,2.8386,NA,uncharacterized protein,NA
C3_01560W_A,C3_01560W_A,1.00582,5.05101,8.01E-05,0.000779267,41.7533,protein_coding,21.9306,44.0304,3.62115,7.77437,3.10831,NA,DEAH-box ATP-dependent RNA helicase,NA
C3_01580W_A,ZCF7,-1.08856,0.331002,0.00379891,0.0119902,14.2862,protein_coding,1.45039,0.679846,0.121059,0.271946,1.92117,NA,Zcf7p,NA
C3_01640C_A,C3_01640C_A,-2.5581,0.192497,2.61E-05,0.000384302,54.056,protein_coding,1.61675,0.267701,0.277709,0.132182,3.41533,NA,uncharacterized protein,NA
C3_02010C_A,C3_02010C_A,-1.33675,0.716771,0.00123032,0.00507717,20.213,protein_coding,2.07699,0.801039,0.268932,0.369269,2.29438,NA,uncharacterized protein,NA
C3_02300W_A,FGR23,-1.60694,0.213085,0.000598895,0.00301831,24.962,protein_coding,1.45815,0.469889,0.324462,0.169573,2.52024,NA,Fgr23p,NA
C3_02330C_A,C3_02330C_A,2.31708,1.32597,2.11E-05,0.000335976,57.964,protein_coding,0.777568,3.9043,0.361538,0.747912,3.47369,NA,uncharacterized protein,NA
C3_02480C_A,CCP1,2.03784,8.7449,1.91E-06,9.53E-05,99.7572,protein_coding,167.988,689.859,23.4286,214.184,4.02069,NA,cytochrome-c peroxidase,NA
C3_02530W_A,YSY6,-2.10493,6.93231,0.000272835,0.00176551,31.1372,protein_coding,197.782,45.9476,65.4423,25.4539,2.75313,NA,uncharacterized protein,NA
C3_02950C_A,MET13,-1.6139,5.5378,3.63E-08,1.17E-05,235.499,protein_coding,69.6984,22.7714,5.73413,2.52321,4.93188,NA,methylenetetrahydrofolate reductase (NAD(P)H),NA
C3_03140C_A,DAL4,-1.06591,1.54645,0.00049564,0.00263886,26.0532,protein_coding,3.69281,1.7502,0.597087,0.399481,2.57858,NA,allantoin permease,NA
C3_03160C_A,C3_03160C_A,-1.09753,3.11475,0.000102463,0.000900123,39.2753,protein_coding,11.5138,5.36912,2.43873,0.644285,3.0457,NA,uncharacterized protein,NA
C3_03350W_A,tE(UUC)1,1.73623,1.70246,9.34E-05,0.000852887,40.2359,tRNA,1.42611,4.76274,0.517423,1.05451,3.06911,NA,,NA
C3_03360W_A,FCY2,1.45573,4.43955,2.81E-05,0.000406777,53.8742,protein_coding,11.5185,31.6014,2.57855,7.33308,3.39064,NA,Fcy2p,NA
C3_03470W_A,C3_03470W_A,-2.01125,7.71433,3.85E-05,0.000499611,51.1807,protein_coding,336.174,83.3989,69.9762,30.6385,3.30137,NA,succinate-semialdehyde dehydrogenase (NAD(P)(+)),NA
C3_03580C_A,GTT13,4.00905,6.64434,5.08E-08,1.34E-05,230.051,protein_coding,11.6941,188.21,3.87132,44.6983,4.87291,NA,Gtt13p,NA
C3_03610W_A,FUR4,-1.07031,1.54928,0.000461179,0.00250133,26.5698,protein_coding,3.7039,1.7502,0.585038,0.399481,2.60183,NA,uracil permease,NA
C3_03640W_A,DAL9,1.37601,6.65275,4.47E-05,0.000546802,48.5059,protein_coding,55.8969,145.097,11.642,38.3899,3.26217,NA,Dal9p,NA
C3_03690W_A,C3_03690W_A,-1.47835,2.77086,9.31E-06,0.000214043,69.7468,protein_coding,9.7418,3.48342,1.30693,0.730064,3.6695,NA,uncharacterized protein,NA
C3_03990C_A,AAP1,-1.13015,6.53359,0.000188059,0.00137153,33.856,protein_coding,126.869,57.9673,31.113,9.59344,2.86279,NA,Aap1p,NA
C3_04020C_A,ZCF16,-1.3494,6.07414,3.95E-06,0.00013568,84.7572,protein_coding,96.4341,37.8413,20.5519,2.74039,3.86749,NA,Zcf16p,NA
C3_04200W_A,AFP99,1.79427,3.86749,0.000160615,0.00123898,35.7826,protein_coding,6.48026,22.453,3.12214,3.6232,2.90694,NA,Afp99p,NA
C3_04480C_A,RAS2,-2.90034,3.83454,4.53E-05,0.000550257,49.2157,protein_coding,24.7156,3.2808,11.6648,1.5436,3.25943,NA,Ras2p,NA
C3_04530C_A,TEC1,-1.44457,8.84079,0.000565523,0.00288382,25.5387,protein_coding,670.269,246.224,209.955,85.6274,2.54003,NA,transcription factor TEC1,NA
C3_04650W_A,C3_04650W_A,-1.502,3.00269,3.95E-07,4.74E-05,141.134,protein_coding,11.5358,4.05253,0.142851,0.611931,4.32408,NA,uncharacterized protein,NA
C3_04840C_A,C3_04840C_A,-2.01071,5.63951,1.10E-05,0.000227604,69.0216,protein_coding,79.5324,19.6924,20.8809,6.1957,3.64282,NA,uncharacterized protein,NA
C3_04970C_A,C3_04970C_A,-1.14693,6.37281,8.56E-07,6.25E-05,119.153,protein_coding,113.872,51.4129,14.0807,3.60707,4.20426,NA,ubiquitin-ubiquitin ligase,NA
C3_05170W_A,WOR2,-1.30205,1.69361,0.00972713,0.0248012,10.2827,protein_coding,4.30203,1.71858,2.00507,0.812317,1.60553,NA,Zn(II)2Cys6 transcription factor WOR2,NA
C3_05190C_A,MCA1,-1.08639,7.45008,9.88E-08,1.98E-05,190.248,protein_coding,237.461,111.824,11.7388,3.78481,4.70426,NA,Ca(2+)-dependent cysteine protease,NA
C3_05230W_A,SAP3,-1.12234,0.755582,0.0136111,0.0324762,9.02653,protein_coding,2.04031,0.918034,0.618035,0.470093,1.48843,NA,aspartyl protease SAP3,NA
C3_05290C_A,C3_05290C_A,3.65965,4.97414,2.73E-06,0.00011257,95.3228,protein_coding,4.60569,58.079,2.76969,11.9936,3.94858,NA,uncharacterized protein,NA
C3_05310W_A,USO6,1.16877,5.88662,3.72E-05,0.000494423,50.35,protein_coding,36.3374,81.6832,8.25518,11.364,3.3059,NA,Uso6p,NA
C3_05380W_A,C3_05380W_A,1.28211,5.39505,9.60E-08,1.98E-05,191.427,protein_coding,24.4302,59.4171,2.68193,1.11369,4.70426,NA,uncharacterized protein,NA
C3_05500W_A,SNR6,-1.11153,0.819594,0.000328617,0.00200984,29.162,snRNA,2.15064,0.987617,0.231052,0.1544,2.69684,NA,,NA
C3_05630W_A,GTT1,3.65811,5.79448,7.23E-05,0.000731095,43.8309,protein_coding,8.15707,102.656,6.51324,14.4408,3.13603,NA,Gtt1p,NA
C3_05750C_A,C3_05750C_A,-1.65905,4.77527,1.27E-06,7.71E-05,109.152,protein_coding,41.2432,13.054,9.17354,1.22943,4.11289,NA,uncharacterized protein,NA
C3_05790C_A,SGF11,-1.01121,2.38287,9.60E-05,0.00086704,39.9266,protein_coding,6.6962,3.31468,0.888232,0.492523,3.06196,NA,SAGA histone acetyltransferase complex subunit,NA
C3_05860C_A,C3_05860C_A,1.01586,3.83315,2.16E-05,0.000341148,57.3058,protein_coding,9.3174,18.8358,0.543055,3.21689,3.46706,NA,25S rRNA (uracil2634-N3)-methyltransferase,NA
C3_05960W_A,ASE1,1.48202,4.73282,7.21E-06,0.000183286,73.9481,protein_coding,13.9446,38.9653,2.7179,7.37208,3.73687,NA,Ase1p,NA
C3_05980C_A,FAA2,1.42542,7.23134,0.000981722,0.00426361,21.8374,protein_coding,81.4643,218.882,10.6091,116.33,2.37022,NA,Faa2p,NA
C3_06100C_A,DED1,-1.84454,4.54518,1.16E-06,7.62E-05,111.463,protein_coding,36.1557,10.046,8.12446,1.44046,4.11785,NA,DEAD-box ATP-dependent RNA helicase,NA
C3_06470W_A,AAF1,-1.68938,6.37407,0.00140805,0.00563415,19.6398,protein_coding,126.229,39.126,68.8516,8.94015,2.24917,NA,C2H2-type transcription factor AAF1,NA
C3_06580W_A,JEN1,1.90325,8.72864,1.55E-05,0.000276163,62.4651,protein_coding,178.907,669.296,39.1447,199.873,3.55883,NA,Jen1p,NA
C3_06610W_A,C3_06610W_A,-1.03703,4.59909,0.000103454,0.000904166,39.1771,protein_coding,32.2955,15.7261,5.70594,2.95037,3.04375,NA,uncharacterized protein,NA
C3_06660C_A,C3_06660C_A,2.07507,1.61941,7.15E-05,0.000726945,43.0306,protein_coding,1.11365,4.73753,0.418365,1.64732,3.1385,NA,uncharacterized protein,NA
C3_06670C_A,C3_06670C_A,-2.12301,5.69656,2.79E-06,0.00011257,92.9649,protein_coding,83.9481,19.264,21.9516,4.83191,3.94858,NA,uncharacterized protein,NA
C3_06790W_A,6.00TRY,-1.89523,3.41717,0.000404519,0.00230167,28.0096,protein_coding,16.4753,4.3938,6.20611,1.78161,2.63796,NA,Try6p,NA
C3_06880W_A,C3_06880W_A,-1.04491,0.77959,0.00100893,0.0043428,21.3848,protein_coding,2.04786,0.989167,0.328848,0.180689,2.36223,NA,uncharacterized protein,NA
C3_06890W_A,PMT2,-1.34425,7.98879,0.000170124,0.00128602,34.7429,protein_coding,364.147,143.409,68.7634,49.6373,2.89075,NA,dolichyl-phosphate-mannose-protein mannosyltransferase,NA
C3_06940W_A,C3_06940W_A,1.39173,-0.0813241,0.00205099,0.00744158,17.4388,protein_coding,0.417971,1.11433,0.168931,0.195137,2.12833,NA,uncharacterized protein,NA
C3_06980W_A,HUT1,-1.9139,3.17442,0.00022141,0.0015434,32.912,protein_coding,13.8955,3.68124,5.04778,1.65618,2.81152,NA,Hut1p,NA
C3_07160W_A,PGA32,4.85164,4.43991,6.38E-08,1.48E-05,219.481,protein_coding,1.444,41.7975,0.699729,12.9291,4.83009,NA,Pga32p,NA
C3_07180C_A,BMT1,1.85075,3.46888,1.74E-06,9.19E-05,101.855,protein_coding,4.73419,17.095,0.263798,4.54127,4.03678,NA,Bmt1p,NA
C3_07310C_A,SLK19,1.21797,10.5706,7.48E-05,0.000747337,42.4715,protein_coding,914.347,2126.95,197.38,400.213,3.12648,NA,Slk19p,NA
C3_07340W_A,GCY1,1.21377,4.46178,0.00130705,0.00532184,20.0801,protein_coding,13.1987,30.6277,4.26466,10.3366,2.27394,NA,glycerol 2-dehydrogenase (NADP(+)),NA
C3_07470W_A,C3_07470W_A,3.15373,6.04133,1.18E-06,7.62E-05,115.243,protein_coding,13.2927,118.222,5.76991,21.9343,4.11785,NA,uncharacterized protein,NA
C3_07540C_A,C3_07540C_A,1.26534,4.73231,0.000136259,0.00110959,36.7743,protein_coding,15.5326,37.3339,4.43973,6.34415,2.95484,NA,uncharacterized protein,NA
C3_07570C_A,C3_07570C_A,1.34219,3.38472,2.99E-05,0.000425266,53.0387,protein_coding,5.81932,14.7418,1.53775,1.94536,3.37134,NA,uncharacterized protein,NA
C3_07580W_A,C3_07580W_A,1.7202,6.23241,3.20E-07,4.22E-05,147.712,protein_coding,34.9494,115.153,5.73356,16.1614,4.37504,NA,uncharacterized protein,NA
C3_07590W_A,C3_07590W_A,1.75107,3.75513,2.04E-06,9.53E-05,98.3546,protein_coding,6.11575,20.5878,1.52233,2.27762,4.02069,NA,uncharacterized protein,NA
C3_07670W_A,C3_07670W_A,-1.13697,5.41276,3.34E-05,0.000461534,51.6461,protein_coding,58.2705,26.4728,3.23184,6.31274,3.3358,NA,uncharacterized protein,NA
C3_07730W_A,WOR4,-1.58144,6.58515,6.03E-05,0.000652494,45.8414,protein_coding,143.565,47.9511,48.7561,6.57026,3.18542,NA,Wor4p,NA
C3_07810C_A,SEC61,-1.60202,9.68598,0.000221976,0.00154457,32.8835,protein_coding,1238.83,408.068,305.323,163.835,2.81119,NA,translocon subunit,NA
C3_07830W_A,FBP1,-1.36316,9.50987,1.04E-05,0.000222926,67.9855,protein_coding,1049.62,407.989,174.558,77.3606,3.65184,NA,"fructose 1,6-bisphosphate 1-phosphatase",NA
C3_07980C_A,C3_07980C_A,-1.37271,4.73926,0.00153508,0.0060058,19.1382,protein_coding,38.1952,14.7491,14.0647,5.63241,2.22143,NA,,NA
C4_00160C_A,CAR2,3.55365,11.6309,2.91E-08,1.03E-05,246.839,protein_coding,497.723,5844.74,129.728,1027.41,4.9888,NA,ornithine-oxo-acid transaminase,NA
C4_00240C_A,PRO3,2.23712,9.81505,1.88E-06,9.53E-05,100.114,protein_coding,315.195,1486.12,85.8268,329.493,4.02069,NA,pyrroline-5-carboxylate reductase,NA
C4_00250W_A,C4_00250W_A,1.58757,2.46245,7.21E-06,0.000183286,73.9789,protein_coding,2.66183,8.02344,0.467113,1.54759,3.73687,NA,uncharacterized protein,NA
C4_00370W_A,HOF1,2.34877,4.75667,1.85E-05,0.000306127,61.0959,protein_coding,8.83989,44.9875,4.21388,7.32101,3.5141,NA,formin-binding protein,NA
C4_00620C_A,SPC2,-1.09928,7.36225,0.000522488,0.00273164,25.7959,protein_coding,224.039,104.557,55.0444,27.9959,2.56358,NA,signal peptidase complex subunit,NA
C4_00630C_A,SEC72,-1.16946,7.33234,8.32E-05,0.000794349,41.541,protein_coding,222.799,99.0416,51.3188,17.7203,3.09999,NA,Sec63 complex subunit,NA
C4_00960W_A,PTC8,-1.40895,5.57531,8.07E-06,0.00019657,72.0537,protein_coding,68.9374,25.9463,15.7942,3.02914,3.70648,NA,Ptc8p,NA
C4_01550C_A,CPA1,-3.61973,4.87141,3.92E-07,4.74E-05,147.241,protein_coding,53.73,4.35227,20.6592,0.855679,4.32408,NA,carbamoyl-phosphate synthase (glutamine-hydrolyzing),NA
C4_01560C_A,C4_01560C_A,1.22323,4.47963,4.69E-06,0.000146943,81.5571,protein_coding,13.2782,31.0214,1.15217,5.61092,3.83285,NA,ubiquitin-ubiquitin ligase,NA
C4_01800W_A,C4_01800W_A,1.58707,4.16731,0.0146452,0.0343917,8.82915,protein_coding,8.92206,26.6951,7.4279,4.23801,1.46355,NA,uncharacterized protein,NA
C4_01830C_A,C4_01830C_A,1.312,4.07262,1.16E-05,0.000235798,66.273,protein_coding,9.57468,23.7603,2.08835,2.72031,3.62746,NA,uncharacterized protein,NA
C4_01940W_A,PHO89,-1.80146,9.44134,1.10E-05,0.000227604,67.4991,protein_coding,1080.09,309.845,278.453,68.1283,3.64282,NA,Pho89p,NA
C4_02120W_A,ERV29,-1.52786,8.38302,1.03E-05,0.000221876,68.1661,protein_coding,495.399,171.792,110.715,33.0794,3.65389,NA,Erv29p,NA
C4_02230C_A,HQD2,1.65091,4.16038,7.53E-06,0.000188892,73.2146,protein_coding,8.56926,26.9324,1.52785,6.65257,3.72379,NA,uncharacterized protein,NA
C4_02360W_A,AMS1,1.11208,6.65521,8.57E-06,0.000204518,71.0594,protein_coding,63.6681,137.633,10.6573,15.1702,3.68927,NA,alpha-mannosidase,NA
C4_02370C_A,PGA59,1.29461,14.286,0.000343131,0.0020767,28.7512,protein_coding,11570.2,28382.9,3858.99,3632.57,2.68263,NA,Pga59p,NA
C4_02380W_A,C4_02380W_A,-3.5355,0.713225,0.000101219,0.000894619,37.9108,protein_coding,2.6303,0.221326,1.22224,0.177717,3.04836,NA,,NA
C4_02440C_A,PGA38,3.62034,6.55837,2.87E-08,1.03E-05,251.29,protein_coding,14.1594,174.164,4.35587,37.2838,4.9888,NA,Pga38p,NA
C4_02460W_A,C4_02460W_A,-1.16888,5.28651,5.01E-06,0.000154482,80.3416,protein_coding,53.7183,23.8916,9.62652,1.61393,3.81112,NA,uncharacterized protein,NA
C4_02660W_A,C4_02660W_A,3.31839,3.71246,2.78E-08,1.03E-05,249.48,protein_coding,2.35732,23.6114,0.467543,5.53237,4.9888,NA,uncharacterized protein,NA
C4_02900C_A,CRH11,1.07354,10.3469,0.0122547,0.0299294,9.4736,protein_coding,838.913,1765.54,425.427,460.438,1.5239,NA,transglycosylase,NA
C4_02990C_A,GST2,1.20024,4.59483,1.03E-05,0.000221876,68.1242,protein_coding,14.5588,33.4421,2.96443,2.47219,3.65389,NA,glutathione S-transferase GST2,NA
C4_03000C_A,C4_03000C_A,-1.11668,6.00758,1.07E-05,0.000222926,67.5885,protein_coding,87.7607,40.4581,13.5675,5.45956,3.65184,NA,uncharacterized protein,NA
C4_03070W_A,PGA54,-1.13231,7.11916,0.00334233,0.0108383,15.0078,protein_coding,190.672,86.9814,82.0017,21.472,1.96504,NA,Pga54p,NA
C4_03300C_A,C4_03300C_A,-1.1237,2.85491,7.99E-06,0.000195536,72.2274,protein_coding,9.64121,4.42167,1.01861,0.468486,3.70877,NA,uncharacterized protein,NA
C4_03360C_A,VTC4,1.02511,6.83736,1.93E-05,0.000312657,58.8731,protein_coding,75.2565,153.152,14.1039,11.9459,3.50493,NA,Vtc4p,NA
C4_03460C_A,C4_03460C_A,-1.17217,1.19906,0.000449603,0.00245693,26.7704,protein_coding,2.90906,1.28687,0.539372,0.289828,2.60961,NA,uncharacterized protein,NA
C4_03620C_A,CDR3,2.91635,7.72118,7.81E-07,6.20E-05,126.317,protein_coding,49.3467,372.468,18.6202,55.6373,4.20733,NA,Cdr3p,NA
C4_03820C_A,HRQ2,1.76003,4.47599,6.02E-06,0.000163043,77.3295,protein_coding,10.073,34.1331,2.9264,4.35013,3.7877,NA,Hrq2p,NA
C4_03830W_A,C4_03830W_A,1.40651,3.8662,1.30E-05,0.000249868,64.5729,protein_coding,7.89502,20.9328,0.950082,4.69133,3.60229,NA,tRNA (guanosine(18)-2'-O)-methyltransferase,NA
C4_03960W_A,C4_03960W_A,-1.95299,1.92335,3.88E-06,0.000134801,85.2761,protein_coding,5.70225,1.45243,0.783364,0.416707,3.87031,NA,uncharacterized protein,NA
C4_04050C_A,RHD3.00,1.52117,6.80251,0.000155088,0.0012135,36.1047,protein_coding,57.6159,165.404,12.8001,57.1777,2.91596,NA,Rhd3p,NA
C4_04070C_A,PGA30,1.93378,1.8884,3.78E-06,0.000134561,85.7363,protein_coding,1.46348,5.61967,0.239304,1.14839,3.87108,NA,Pga30p,NA
C4_04160W_A,C4_04160W_A,-1.24344,6.64018,2.66E-06,0.00011257,92.6369,protein_coding,139.942,59.0803,17.5639,8.34458,3.94858,NA,uncharacterized protein,NA
C4_04170C_A,AXL2,-1.3769,3.21163,4.32E-06,0.000142186,83.1153,protein_coding,13.0731,5.02054,0.759908,1.09855,3.84714,NA,Axl2p,NA
C4_04400C_A,C4_04400C_A,2.0373,4.74766,8.80E-05,0.000829688,41.714,protein_coding,10.4716,42.9887,2.53724,16.3194,3.08109,NA,uncharacterized protein,NA
C4_04720W_A,C4_04720W_A,-1.31437,5.21611,1.80E-06,9.22E-05,101.146,protein_coding,52.7193,21.1774,7.93025,2.66604,4.03515,NA,methylenetetrahydrofolate dehydrogenase (NAD(+)),NA
C4_04860W_A,C4_04860W_A,2.25176,3.46116,2.05E-07,3.30E-05,162.674,protein_coding,3.76466,17.9659,0.925298,1.90441,4.48094,NA,uncharacterized protein,NA
C4_04980W_A,C4_04980W_A,-1.22938,5.29826,5.06E-06,0.000155326,80.1456,protein_coding,54.8492,23.3904,9.22873,2.84719,3.80875,NA,uncharacterized protein,NA
C4_05070C_A,ARG8,-2.31222,5.64608,7.28E-05,0.000733632,43.7502,protein_coding,83.0246,16.6975,37.4496,5.25216,3.13452,NA,acetylornithine transaminase,NA
C4_05110C_A,HAP41,-1.30918,8.1796,0.000145846,0.00116427,36.1416,protein_coding,412.811,166.574,120.337,29.4921,2.93395,NA,Hap41p,NA
C4_05230C_A,RIX1,1.37475,3.95,4.06E-07,4.74E-05,140.296,protein_coding,8.50946,22.0762,0.588296,2.64965,4.32408,NA,uncharacterized protein,NA
C4_05340W_A,C4_05340W_A,-1.19525,3.84711,8.23E-06,0.000197061,71.7431,protein_coding,19.7275,8.61138,3.27119,0.900957,3.7054,NA,anaphase promoting complex subunit,NA
C4_05580C_A,C4_05580C_A,5.78898,4.467,1.31E-06,7.71E-05,113.434,protein_coding,0.782675,43.2684,0.87843,12.2981,4.11289,NA,uncharacterized protein,NA
C4_05730W_A,C4_05730W_A,1.58031,1.08216,0.00358241,0.0114253,14.521,protein_coding,0.964456,2.91972,0.449055,1.50119,1.94213,NA,uncharacterized protein,NA
C4_05850C_A,C4_05850C_A,1.57793,6.42522,5.24E-07,5.11E-05,132.678,protein_coding,43.0499,128.523,4.0785,23.0021,4.29177,NA,uncharacterized protein,NA
C4_05900C_A,C4_05900C_A,-2.30133,7.5902,1.33E-09,3.75E-06,471.533,protein_coding,319.994,64.9065,26.4819,6.0452,5.42622,NA,uncharacterized protein,NA
C4_06140C_A,C4_06140C_A,-1.08768,4.85652,3.01E-06,0.000117487,90.1288,protein_coding,39.0999,18.3951,5.69694,0.900556,3.93001,NA,uncharacterized protein,NA
C4_06310C_A,PGA41,1.47601,3.6704,5.14E-06,0.00015617,79.8965,protein_coding,6.6391,18.4748,1.19964,3.09241,3.8064,NA,Pga41p,NA
C4_06410W_A,C4_06410W_A,1.21069,3.08541,1.93E-06,9.53E-05,99.5211,protein_coding,5.02164,11.6234,0.67074,0.339159,4.02069,NA,mRNA splicing protein,NA
C4_06480C_A,CEK1,-1.07179,6.64737,6.26E-06,0.000167217,76.3689,protein_coding,135.554,64.4847,18.1476,8.05745,3.77672,NA,mitogen-activated serine/threonine-protein kinase,NA
C4_06530C_A,XUT1,1.51799,4.86496,0.000249604,0.00167113,31.8819,protein_coding,15.0144,42.9678,6.45207,7.33819,2.77699,NA,Xut1p,NA
C4_06920C_A,CSA2,-3.0121,2.96113,6.07E-07,5.28E-05,128.683,protein_coding,13.4779,1.6525,4.09234,0.349638,4.27715,NA,Csa2p,NA
C4_06980W_A,PRA1,-1.50305,1.4841,0.00103302,0.00443008,21.2126,protein_coding,3.82428,1.34024,1.28561,0.50252,2.35359,NA,Pra1p,NA
C4_07140W_A,C4_07140W_A,-1.74959,6.73529,3.76E-05,0.000496612,51.4773,protein_coding,163.879,48.6883,37.3052,16.2736,3.30398,NA,uncharacterized protein,NA
C5_00400C_A,C5_00400C_A,1.2991,5.07395,1.18E-05,0.000238304,66.0095,protein_coding,19.3806,47.6764,4.80551,2.80446,3.62287,NA,uncharacterized protein,NA
C5_00480C_A,SEC14,-1.33256,5.50504,9.37E-06,0.000214043,69.6226,protein_coding,64.691,25.6546,9.66717,5.21442,3.6695,NA,phosphatidylinositol/phosphatidylcholine transfer protein,NA
C5_00680W_A,RMT2,1.1627,3.57401,1.49E-05,0.00027206,62.5476,protein_coding,7.25248,16.2344,0.799663,2.75573,3.56534,NA,protein-arginine N5-methyltransferase,NA
C5_00770C_A,FOL1,1.26409,3.53339,4.41E-06,0.000142186,82.6877,protein_coding,6.71107,16.1125,0.940522,2.05703,3.84714,NA,trifunctional dihydropteroate synthetase/dihydrohydroxymethylpterin pyrophosphokinase/dihydroneopterin aldolase,NA
C5_00830C_A,ERV46,-1.16458,7.31474,5.69E-05,0.000639055,45.4207,protein_coding,219.867,98.0743,41.1688,20.8749,3.19446,NA,Erv46p,NA
C5_01220W_A,C5_01220W_A,1.07792,5.24326,3.64E-05,0.000491292,50.6127,protein_coding,24.254,51.2149,3.31659,9.68265,3.30866,NA,uncharacterized protein,NA
C5_01250W_A,GPR1,-1.0314,6.07833,6.97E-05,0.000716879,43.2064,protein_coding,90.4425,44.2388,20.0919,3.86524,3.14455,NA,Gpr1p,NA
C5_01260W_A,C5_01260W_A,1.49634,4.39446,0.000109548,0.000938098,38.8739,protein_coding,10.9309,30.8474,3.00631,8.71886,3.02775,NA,uncharacterized protein,NA
C5_01600C_A,SPB4,1.0156,3.78366,9.61E-06,0.000217498,69.2106,protein_coding,9.00133,18.2069,1.40351,0.527567,3.66255,NA,putative ATP-dependent RNA helicase,NA
C5_01680C_A,CCN1,1.1193,3.85637,0.00402121,0.0125215,14.1233,protein_coding,9.03791,19.6165,3.55214,6.86303,1.90235,NA,Ccn1p,NA
C5_01710C_A,C5_01710C_A,1.01828,1.33513,0.000839054,0.00381257,22.507,protein_coding,1.54361,3.12838,0.337026,0.535772,2.41878,NA,uncharacterized protein,NA
C5_01800C_A,HIP1,-1.25637,7.41903,3.34E-07,4.30E-05,146.354,protein_coding,240.966,100.849,20.8301,10.1082,4.36631,NA,Hip1p,NA
C5_01830C_A,HAL9,-1.12537,5.20743,0.0002038,0.00145535,33.1565,protein_coding,50.3542,23.0746,14.0787,3.08945,2.83703,NA,Hal9p,NA
C5_02430W_A,ZCF22,2.29448,4.93592,3.46E-05,0.000475959,52.5361,protein_coding,10.3336,50.6471,4.81994,11.6333,3.32243,NA,Zcf22p,NA
C5_02500C_A,C5_02500C_A,-1.32527,2.80611,1.60E-05,0.000281078,61.4586,protein_coding,9.69118,3.85194,1.73232,0.541089,3.55117,NA,uncharacterized protein,NA
C5_02630C_A,MNN1,1.06813,1.64856,0.00653196,0.0182341,11.8418,protein_coding,1.89734,4.02022,0.82722,1.04148,1.73911,NA,Mnn1p,NA
C5_02780W_A,C5_02780W_A,1.36216,2.90112,0.000304236,0.00191526,29.6896,protein_coding,4.09284,10.548,1.00053,3.33936,2.71777,NA,uncharacterized protein,NA
C5_02930C_A,GRE3,2.28505,4.96625,5.67E-06,0.000159277,80.5954,protein_coding,10.6091,51.705,3.82417,11.0287,3.79785,NA,trifunctional aldehyde reductase/xylose reductase/glucose 1-dehydrogenase (NADP(+)),NA
C5_03000C_A,C5_03000C_A,1.18431,3.93072,0.000525858,0.00274678,25.7464,protein_coding,9.23238,20.9781,3.18494,3.4772,2.56118,NA,uncharacterized protein,NA
C5_03130W_A,SUT1,-1.42847,4.58973,6.49E-06,0.000171031,75.7415,protein_coding,34.7751,12.9203,7.66255,1.59737,3.76693,NA,Sut1p,NA
C5_03270W_A,TEF4,3.90113,4.37374,6.28E-07,5.35E-05,132.688,protein_coding,2.57429,38.7617,0.71266,16.1491,4.27137,NA,Tef4p,NA
C5_03310C_A,PCL1,1.40782,2.6463,0.00045075,0.00245856,26.7225,protein_coding,3.3406,8.87052,0.804704,3.2366,2.60932,NA,Pcl1p,NA
C5_03510C_A,C5_03510C_A,-1.46948,4.4059,0.00515484,0.0151637,12.9881,protein_coding,30.8278,11.0656,5.00611,7.21109,1.81919,NA,uncharacterized protein,NA
C5_03570W_A,C5_03570W_A,-1.00224,7.12527,1.05E-05,0.000222926,67.8086,protein_coding,185.948,92.8276,25.279,9.99923,3.65184,NA,,NA
C5_03600W_A,MDJ1,-1.14286,6.03401,0.000710993,0.00341253,23.9502,protein_coding,89.8747,40.6972,33.2463,2.68582,2.46692,NA,Mdj1p,NA
C5_03670C_A,C5_03670C_A,1.46233,6.00678,3.19E-06,0.000121352,88.9567,protein_coding,34.1584,94.1181,2.27626,21.4388,3.91595,NA,uncharacterized protein,NA
C5_03710C_A,C5_03710C_A,1.68107,6.07573,9.79E-05,0.000875909,40.6088,protein_coding,31.9868,102.567,2.24988,39.722,3.05754,NA,uncharacterized protein,NA
C5_03740W_A,C5_03740W_A,1.12167,3.75975,7.20E-06,0.000183286,73.969,protein_coding,8.42775,18.3439,1.2848,1.67306,3.73687,NA,uncharacterized protein,NA
C5_03750W_A,FAV2,-1.29075,5.5527,4.41E-06,0.000142186,82.688,protein_coding,66.3328,27.1069,11.6987,3.6824,3.84714,NA,Fav2p,NA
C5_04030W_A,C5_04030W_A,2.27626,5.98239,3.91E-06,0.000134801,87.8117,protein_coding,21.5779,104.585,4.28802,34.1071,3.87031,NA,uncharacterized protein,NA
C5_04110W_A,SCW11,3.17447,5.92884,2.80E-06,0.00011257,94.7588,protein_coding,12.1393,109.535,4.89862,37.0973,3.94858,NA,"putative glucan endo-1,3-beta-D-glucosidase",NA
C5_04130C_A,CHT2,2.70074,10.0517,5.80E-06,0.000159896,80.1561,protein_coding,282.969,1839.64,96.9314,576.182,3.79616,NA,GPI-linked chitinase CHT2,NA
C5_04200W_A,MRV3,2.34188,1.82637,0.00429131,0.0131493,13.8336,protein_coding,1.11917,5.73091,0.669561,4.60439,1.8811,NA,Mrv3p,NA
C5_04210C_A,MRV4,1.92556,2.59408,0.000147599,0.0011723,36.0448,protein_coding,2.43837,9.30306,0.435719,4.05505,2.93096,NA,Mrv4p,NA
C5_04220W_A,MRV5,2.42604,4.09319,9.64E-05,0.000869123,40.7722,protein_coding,5.3205,28.6155,2.05399,14.3782,3.06092,NA,Mrv5p,NA
C5_04230W_A,MRV6,2.13873,0.260776,0.00254485,0.00877754,16.281,protein_coding,0.373792,1.65923,0.251761,0.675466,2.05663,NA,Mrv6p,NA
C5_04260W_A,RNY1-B,1.64473,4.85759,1.22E-05,0.000241193,66.0006,protein_coding,13.9862,43.7361,4.03749,7.86296,3.61764,NA,uncharacterized protein,NA
C5_04270C_A,SAH1,-1.21367,8.60334,4.57E-07,4.82E-05,136.718,protein_coding,543.199,234.202,38.426,22.6108,4.31737,NA,adenosylhomocysteinase,NA
C5_04380C_A,C5_04380C_A,3.93983,8.24968,1.20E-06,7.68E-05,114.646,protein_coding,37.2397,571.387,14.0014,254.412,4.11484,NA,uncharacterized protein,NA
C5_04440C_A,SFC1,-1.76345,9.10058,5.32E-06,0.000157792,79.2452,protein_coding,847.761,249.664,151.71,59.2625,3.80191,NA,Sfc1p,NA
C5_04480C_A,C5_04480C_A,1.98005,4.4742,9.31E-06,0.000214043,70.3208,protein_coding,8.91118,35.264,3.40284,3.62229,3.6695,NA,uncharacterized protein,NA
C5_04490C_A,CAR1,3.74385,10.4947,6.03E-09,5.82E-06,343.968,protein_coding,200.394,2685.02,41.6405,490.964,5.23481,NA,arginase,NA
C5_04510W_A,GDE1,1.40178,7.17585,8.99E-07,6.44E-05,117.89,protein_coding,79.305,209.602,10.6315,27.8916,4.19145,NA,glycerophosphocholine phosphodiesterase,NA
C5_04690C_A,C5_04690C_A,-1.81347,4.97869,2.02E-06,9.53E-05,98.4985,protein_coding,48.732,13.8355,8.89174,3.28761,4.02069,NA,uncharacterized protein,NA
C5_04930C_A,MAL31,-1.91944,9.07338,1.50E-06,8.36E-05,105.309,protein_coding,851.808,225.184,199.218,38.0977,4.07804,NA,maltose permease,NA
C5_04940W_A,C5_04940W_A,-2.12336,6.31752,1.43E-05,0.00026666,64.9709,protein_coding,129.373,29.7091,50.1541,6.39828,3.57404,NA,uncharacterized protein,NA
C5_04980W_A,C5_04980W_A,-3.53614,4.29002,0.000238301,0.0016141,32.2818,protein_coding,35.5049,3.0242,26.3808,1.12033,2.79207,NA,uncharacterized protein,NA
C5_05100C_A,DUN1,1.04933,4.66264,0.00117209,0.00487503,20.586,protein_coding,16.4121,33.954,6.13436,3.1812,2.31202,NA,serine/threonine protein kinase,NA
C5_05220W_A,CAG1,-1.27905,2.91438,3.90E-05,0.000499611,49.7705,protein_coding,10.379,4.28451,1.81702,0.870529,3.30137,NA,guanine nucleotide-binding protein subunit alpha,NA
C5_05450C_A,MUM2,-1.67362,6.25932,2.10E-06,9.74E-05,97.7072,protein_coding,116.292,36.4298,16.7666,8.17322,4.01161,NA,Mum2p,NA
C6_00070C_A,PGA25,3.61111,8.15948,1.94E-09,3.75E-06,436.058,protein_coding,43.2373,528.422,5.18304,113.327,5.42622,NA,Pga25p,NA
C6_00080C_A,C6_00080C_A,3.58115,8.45297,5.95E-08,1.44E-05,214.966,protein_coding,54.0317,646.636,15.9192,140.706,4.84246,NA,uncharacterized protein,NA
C6_00140C_A,HPA2,1.84427,8.73132,1.45E-05,0.000269443,63.431,protein_coding,185.109,664.677,46.9933,180.456,3.56953,NA,D-amino-acid N-acetyltransferase,NA
C6_00160W_A,PGA48,1.06463,6.76759,2.23E-05,0.000348278,56.8603,protein_coding,70.3815,147.254,7.33585,27.3717,3.45807,NA,Pga48p,NA
C6_00290W_A,C6_00290W_A,-1.73786,7.088,0.000413554,0.00234159,27.8379,protein_coding,208.942,62.6333,93.6754,18.4605,2.63049,NA,uncharacterized protein,NA
C6_00420W_A,DPM2,-1.0012,7.57962,7.18E-05,0.000727801,42.8966,protein_coding,254.83,127.302,29.8228,27.6871,3.13799,NA,Dpm2p,NA
C6_00480C_A,FET31,1.08948,3.92093,0.000638991,0.00316115,24.3934,protein_coding,9.55898,20.3805,3.14505,3.06385,2.50015,NA,Fet31p,NA
C6_00520W_A,C6_00520W_A,-1.07987,2.31891,0.000918551,0.00405927,21.9236,protein_coding,6.49032,3.05304,1.45309,0.843752,2.39155,NA,uncharacterized protein,NA
C6_00610C_A,C6_00610C_A,-2.53075,0.621442,3.46E-06,0.0001254,88.8395,protein_coding,2.28412,0.386632,0.326828,0.115587,3.9017,NA,,NA
C6_00670W_A,CDC14,1.37331,5.2394,0.000680003,0.00331316,24.2538,protein_coding,20.9734,54.3081,8.94649,9.8727,2.47976,NA,phosphoprotein phosphatase,NA
C6_00790C_A,CTR1,2.03867,9.94809,2.16E-07,3.38E-05,160.842,protein_coding,386.647,1588.66,56.4362,275.895,4.47076,NA,high-affinity Cu transporter,NA
C6_00810C_A,C6_00810C_A,-2.51079,2.60182,1.33E-05,0.000252884,64.8285,protein_coding,9.93483,1.73924,2.77272,0.794808,3.59708,NA,uncharacterized protein,NA
C6_00920W_A,C6_00920W_A,-1.24735,7.97072,3.82E-05,0.000498662,50.0241,protein_coding,352.681,148.557,89.747,15.218,3.30219,NA,uncharacterized protein,NA
C6_01070C_A,CIP1,1.4383,6.31127,1.02E-05,0.000221854,68.7339,protein_coding,42.7352,115.812,8.51913,22.226,3.65393,NA,Cip1p,NA
C6_01110W_A,FAD2,-1.1379,7.67904,1.72E-06,9.19E-05,102.171,protein_coding,281.514,127.901,20.4524,16.5066,4.03678,NA,Fad2p,NA
C6_01150W_A,CDC20,1.93448,4.89667,4.51E-05,0.000550257,49.2409,protein_coding,12.3072,46.9975,5.61247,4.67109,3.25943,NA,ubiquitin-protein transferase activating protein,NA
C6_01430C_A,FRP6,1.26717,10.0717,4.27E-06,0.000142186,83.2787,protein_coding,631.687,1520.44,49.5926,264.845,3.84714,NA,Frp6p,NA
C6_01440C_A,FRP5,4.60033,3.74058,1.67E-08,8.92E-06,279.028,protein_coding,1.03961,25.499,0.0670454,8.71892,5.04974,NA,Frp5p,NA
C6_01460C_A,C6_01460C_A,-1.86298,6.248,8.20E-05,0.000789141,42.4635,protein_coding,118.845,32.643,34.4571,12.1063,3.10285,NA,uncharacterized protein,NA
C6_01650C_A,FMP27,1.52456,5.90015,2.05E-08,9.92E-06,265.699,protein_coding,30.7296,88.4396,1.31329,8.8697,5.00327,NA,Fmp27p,NA
C6_01680C_A,C6_01680C_A,1.26209,3.97135,0.00016619,0.00126618,34.8802,protein_coding,9.13611,21.8938,1.94963,5.96272,2.8975,NA,uncharacterized protein,NA
C6_02100W_A,C6_02100W_A,2.39115,9.02221,5.79E-05,0.000641843,46.3086,protein_coding,166.474,873.239,76.6918,264.313,3.19257,NA,uncharacterized protein,NA
C6_02200C_A,C6_02200C_A,1.47551,2.52491,3.70E-05,0.000494423,50.4103,protein_coding,2.95524,8.25847,0.571844,1.95289,3.3059,NA,uncharacterized protein,NA
C6_02450W_A,C6_02450W_A,1.19203,7.73532,0.005307,0.0154545,12.8588,protein_coding,129.675,296.292,43.572,130.163,1.81094,NA,uncharacterized protein,NA
C6_02560W_A,C6_02560W_A,1.14396,4.54083,4.52E-05,0.000550257,48.0321,protein_coding,14.411,31.8547,2.85675,5.43439,3.25943,NA,uncharacterized protein,NA
C6_02580W_A,C6_02580W_A,-1.01165,4.14656,1.58E-05,0.000279616,61.6957,protein_coding,23.3987,11.5931,2.16036,1.79045,3.55344,NA,RNA exonuclease,NA
C6_02660C_A,C6_02660C_A,1.02073,1.93214,4.29E-05,0.000531956,48.6548,protein_coding,2.39982,4.87613,0.200236,0.487136,3.27412,NA,putative amidase,NA
C6_02690C_A,C6_02690C_A,-1.2011,2.37446,0.000141818,0.00114362,36.1916,protein_coding,6.92776,3.012,1.80984,0.182852,2.94172,NA,uncharacterized protein,NA
C6_02710C_A,SAP6,2.04533,7.32337,0.00068748,0.00333894,24.1788,protein_coding,62.4463,257.727,33.4218,100.999,2.47639,NA,aspartyl protease SAP6,NA
C6_03080C_A,ADO1,-1.02292,8.13117,4.50E-06,0.000143486,82.2984,protein_coding,375.509,184.791,15.1672,26.2308,3.84319,NA,adenosine kinase,NA
C6_03230W_A,ARG3,-3.6396,5.04298,1.21E-05,0.000240676,67.5797,protein_coding,60.647,4.83294,29.6258,2.43565,3.61857,NA,ornithine carbamoyltransferase,NA
C6_03240W_A,C6_03240W_A,-1.29194,7.45938,0.000330371,0.00201843,29.5835,protein_coding,249.625,101.95,65.4028,29.5004,2.69499,NA,methylglyoxal reductase (NADPH-dependent),NA
C6_03320W_A,C6_03320W_A,1.01041,5.63844,0.00570692,0.0163806,12.5401,protein_coding,32.9634,66.3747,14.7916,9.67591,1.78567,NA,uncharacterized protein,NA
C6_03470W_A,C6_03470W_A,1.27291,7.57029,4.16E-05,0.000523717,48.9911,protein_coding,111.179,268.688,15.4416,73.5076,3.2809,NA,uncharacterized protein,NA
C6_03480W_A,YMX6,-1.7564,1.86474,0.000555734,0.00285905,25.3453,protein_coding,5.3043,1.54661,1.01361,0.947659,2.54378,NA,Ymx6p,NA
C6_03500C_A,SAP4,1.70174,3.48148,0.00115832,0.00484557,20.8103,protein_coding,5.19293,16.9304,1.91521,7.90048,2.31466,NA,Sap4p,NA
C6_03550C_A,C6_03550C_A,-2.01081,3.87275,5.49E-06,0.000159277,79.2441,protein_coding,23.088,5.71935,7.61714,0.268666,3.79785,NA,uncharacterized protein,NA
C6_03560W_A,POX1,1.02625,7.90223,0.000254434,0.00169369,31.1162,protein_coding,157.455,320.729,6.27634,99.5662,2.77117,NA,Pox1p,NA
C6_03600C_A,C6_03600C_A,2.14178,7.06636,6.07E-05,0.000653095,45.7676,protein_coding,49.4917,218.376,22.3734,66.4342,3.18502,NA,uncharacterized protein,NA
C6_03610W_A,FGR17,1.0485,2.25374,0.000534289,0.00277581,25.5127,protein_coding,2.99861,6.19106,0.935641,0.775477,2.55661,NA,Fgr17p,NA
C6_03670C_A,C6_03670C_A,-2.91676,3.85949,0.000102037,0.000897737,40.1943,protein_coding,25.16,3.32755,14.7641,0.971461,3.04685,NA,,NA
C6_03700W_A,ALS1,-1.35222,12.2807,0.000850927,0.00385745,22.5023,protein_coding,7150.51,2800.72,1499.18,1080.69,2.4137,NA,adhesin factor ALS1,NA
C6_03880W_A,C6_03880W_A,1.24256,4.49422,0.000140238,0.00113644,36.5035,protein_coding,13.3064,31.4727,4.43608,2.15181,2.94445,NA,uncharacterized protein,NA
C6_04190C_A,C6_04190C_A,1.42572,1.38188,1.46E-05,0.000270131,62.9383,protein_coding,1.31397,3.56136,0.137348,0.457566,3.56843,NA,uncharacterized protein,NA
C6_04490W_A,LIP4,2.82893,0.508618,1.10E-05,0.000227604,67.3276,protein_coding,0.29878,2.21648,0.133103,0.541401,3.64282,NA,Lip4p,NA
C6_04600W_A,DAC1,-1.06372,5.40702,1.87E-05,0.000307623,59.2551,protein_coding,57.1041,27.3039,6.302,4.77068,3.51198,NA,Dac1p,NA
C7_00110W_A,SOD3,1.97,8.26384,6.77E-06,0.000175296,75.675,protein_coding,124.937,489.473,7.14049,174.432,3.75623,NA,Sod3p,NA
C7_00170W_A,VPS70,1.01743,6.93469,1.06E-05,0.000222926,67.6249,protein_coding,80.802,163.573,12.9085,14.6944,3.65184,NA,putative zinc metalloprotease,NA
C7_00190W_A,C7_00190W_A,2.2512,6.32712,2.71E-06,0.00011257,95.4774,protein_coding,27.8401,132.517,9.24351,23.8872,3.94858,NA,uncharacterized protein,NA
C7_00280W_A,HGT12,4.53754,3.50871,5.93E-07,5.28E-05,135.052,protein_coding,0.928503,21.6745,0.537833,7.98091,4.27715,NA,Hgt12p,NA
C7_00290C_A,HGT13,1.20003,6.68974,0.00474503,0.0142317,13.3597,protein_coding,62.5459,143.716,26.0379,61.6533,1.84674,NA,Hgt13p,NA
C7_00410C_A,C7_00410C_A,1.13673,4.94456,6.81E-05,0.000704631,43.4532,protein_coding,19.1624,42.145,3.87794,7.86002,3.15204,NA,uncharacterized protein,NA
C7_00430W_A,C7_00430W_A,1.33829,5.81026,5.73E-07,5.28E-05,130.123,protein_coding,31.7098,80.1779,0.908204,12.9524,4.27715,NA,putative ferric-chelate reductase,NA
C7_00630C_A,C7_00630C_A,1.88405,2.56824,0.000271827,0.00176551,30.7602,protein_coding,2.46191,9.08727,1.05999,3.81787,2.75313,NA,uncharacterized protein,NA
C7_00660W_A,GAC1,-1.48337,7.60878,5.29E-07,5.11E-05,132.435,protein_coding,287.219,102.706,18.3714,18.2548,4.29177,NA,protein phosphatase regulator,NA
C7_00850W_A,C7_00850W_A,1.26277,2.65514,9.28E-06,0.000214043,69.7946,protein_coding,3.6032,8.65296,0.34138,1.32054,3.6695,NA,uncharacterized protein,NA
C7_00970C_A,YOX1,2.24568,2.8131,0.000180087,0.00133012,34.7459,protein_coding,2.39884,11.3714,1.09498,5.36702,2.87611,NA,Yox1p,NA
C7_01170C_A,C7_01170C_A,-1.33567,4.97446,0.000221474,0.0015434,32.9038,protein_coding,44.7355,17.6691,5.53549,6.59,2.81152,NA,uncharacterized protein,NA
C7_01380W_A,C7_01380W_A,3.8729,0.600531,5.82E-06,0.000159896,68.6915,protein_coding,0.164795,2.52977,0.142445,0.667608,3.79616,NA,uncharacterized protein,NA
C7_01510W_A,C7_01510W_A,-1.79809,7.38194,2.92E-05,0.000419169,54.724,protein_coding,258.709,74.3593,82.1355,16.026,3.37761,NA,uncharacterized protein,NA
C7_01540W_A,ALK6.00,1.68567,2.69995,0.00015233,0.00119683,35.7495,protein_coding,2.9967,9.68184,1.06329,2.64272,2.92197,NA,Alk6p,NA
C7_01670W_A,C7_01670W_A,2.00681,2.75919,4.37E-07,4.78E-05,138.152,protein_coding,2.62446,10.5879,0.495262,1.53167,4.32086,NA,uncharacterized protein,NA
C7_01680C_A,C7_01680C_A,-1.25416,5.7561,0.000145501,0.00116361,36.1634,protein_coding,75.8351,31.7684,19.4164,6.78932,2.93419,NA,uncharacterized protein,NA
C7_01840W_A,IQG1,2.03155,5.30811,5.53E-05,0.000627794,46.8327,protein_coding,15.5329,63.452,7.10539,10.5452,3.20218,NA,Iqg1p,NA
C7_02030W_A,HSP90,-2.10568,10.4015,6.58E-06,0.000171838,76.1717,protein_coding,2194.71,509.937,751.381,76.9763,3.76488,NA,Hsp90 family chaperone,NA
C7_02040C_A,CUP9.00,-1.43509,10.3426,2.70E-06,0.00011257,92.3863,protein_coding,1895.49,700.983,347.235,60.9292,3.94858,NA,transcription factor CUP9,NA
C7_02150C_A,ECM42,-1.91702,5.18527,2.31E-05,0.000355334,57.9245,protein_coding,57.2031,15.1313,18.731,3.28955,3.44936,NA,glutamate N-acetyltransferase,NA
C7_02200W_A,WHI3,-1.5312,2.7816,8.96E-06,0.000209555,70.3605,protein_coding,9.89402,3.42514,2.01053,0.409923,3.6787,NA,mRNA-binding protein,NA
C7_02230W_A,C7_02230W_A,2.15534,3.75665,1.57E-07,2.59E-05,172.407,protein_coding,4.9006,21.8762,1.00509,3.05555,4.58613,NA,,NA
C7_02350C_A,C7_02350C_A,-1.10272,5.57294,2.35E-05,0.000358764,56.1597,protein_coding,64.6487,30.0921,13.2682,2.7106,3.44519,NA,uncharacterized protein,NA
C7_02390W_A,AHP2,1.52245,7.30983,1.27E-06,7.71E-05,109.32,protein_coding,81.8675,235.203,11.9612,40.1703,4.11289,NA,Ahp2p,NA
C7_02660C_A,C7_02660C_A,1.28648,0.793467,0.000620378,0.00309815,24.5428,protein_coding,0.898735,2.22153,0.142057,0.578483,2.5089,NA,uncharacterized protein,NA
C7_02770W_A,CHS1,1.89803,6.24812,3.87E-05,0.000499611,51.1395,protein_coding,32.1168,119.665,12.644,21.2182,3.30137,NA,chitin synthase,NA
C7_02890C_A,PMT1,-1.36932,8.14947,0.000164018,0.00125459,35.0709,protein_coding,409.076,158.331,85.7058,53.3559,2.9015,NA,dolichyl-phosphate-mannose-protein mannosyltransferase,NA
C7_02920W_A,C7_02920W_A,2.01236,7.86,0.00176111,0.00661757,18.3584,protein_coding,92.2748,372.229,53.3172,188.545,2.1793,NA,uncharacterized protein,NA
C7_03080W_A,LMO1,-1.66217,8.0059,2.49E-07,3.79E-05,155.997,protein_coding,390.305,123.308,56.7319,14.4535,4.42084,NA,Lmo1p,NA
C7_03180C_A,HHO1,1.1008,8.37721,0.00132027,0.00535309,20.0199,protein_coding,211.385,453.36,73.6303,88.6265,2.2714,NA,histone,NA
C7_03200C_A,C7_03200C_A,-1.224,4.23899,5.74E-06,0.000159277,77.8891,protein_coding,26.1344,11.174,4.40077,0.991935,3.79785,NA,uncharacterized protein,NA
C7_03250C_A,PDI1,-1.09172,9.08995,7.29E-05,0.000733632,42.7291,protein_coding,741.509,347.906,91.1521,82.2733,3.13452,NA,protein disulfide isomerase,NA
C7_03480W_A,C7_03480W_A,-1.17097,7.74471,1.23E-06,7.71E-05,109.932,protein_coding,296.74,131.763,20.4262,17.3527,4.11289,NA,Arf family guanine nucleotide exchange factor,NA
C7_03530C_A,ISY1,1.37882,2.935,1.01E-05,0.000221854,68.3691,protein_coding,4.15598,10.8041,1.04416,0.696863,3.65393,NA,Isy1p,NA
C7_03570W_A,ARG4,-2.79662,5.00701,4.16E-06,0.000141211,86.5334,protein_coding,55.8394,8.02592,20.8746,2.29356,3.85013,NA,argininosuccinate lyase,NA
C7_03740C_A,C7_03740C_A,2.04769,4.24274,0.000441867,0.00242838,27.3402,protein_coding,7.31512,30.3059,1.34959,15.1811,2.61468,NA,,NA
C7_03760W_A,C7_03760W_A,2.42488,4.77803,9.86E-06,0.000219806,70.8698,protein_coding,8.58416,46.0829,3.53031,11.0258,3.65796,NA,uncharacterized protein,NA
C7_03850W_A,C7_03850W_A,1.04141,4.28711,0.000472621,0.00253728,26.4753,protein_coding,12.6443,26.0355,2.58644,6.03617,2.59563,NA,uncharacterized protein,NA
C7_03940C_A,CLB4,1.16983,3.5884,0.000512202,0.00269487,25.9323,protein_coding,7.30993,16.4446,2.47814,3.0268,2.56946,NA,B-type cyclin,NA
C7_04090C_A,C7_04090C_A,-1.45163,5.90134,0.000917035,0.00405875,22.2719,protein_coding,87.2021,31.8427,17.6522,15.1684,2.39161,NA,uncharacterized protein,NA
C7_04120W_A,C7_04120W_A,-1.60849,3.35749,9.46E-05,0.000858365,40.3234,protein_coding,15.0888,4.94786,4.54472,1.33903,3.06633,NA,uncharacterized protein,NA
C7_04180W_A,FAA2-3,-1.06848,7.94327,0.000683612,0.00332794,23.9379,protein_coding,333.016,158.83,34.7855,59.8773,2.47782,NA,Faa2-3p,NA
CR_00040C_A,CR_00040C_A,2.09475,7.46088,3.87E-08,1.18E-05,232.302,protein_coding,66.7806,285.329,5.20334,52.729,4.92746,NA,uncharacterized protein,NA
CR_00130C_A,CR_00130C_A,1.55395,7.09441,1.69E-08,8.92E-06,276.812,protein_coding,69.3555,203.659,4.92024,16.6481,5.04974,NA,uncharacterized protein,NA
CR_00180C_A,CHT1,4.01809,5.82115,4.13E-07,4.74E-05,145.558,protein_coding,6.56885,106.323,3.30457,22.8994,4.32408,NA,Cht1p,NA
CR_00190W_A,NGS1,1.28196,5.6129,5.19E-06,0.000156592,79.7107,protein_coding,28.432,69.1519,3.79826,12.2236,3.80523,NA,Ngs1p,NA
CR_00200W_A,PCK1,-2.01961,12.5156,2.23E-05,0.000348278,56.8403,protein_coding,9393.66,2316.65,1790.04,835.441,3.45807,NA,phosphoenolpyruvate carboxykinase,NA
CR_00540C_A,MDH1,-1.4734,11.1775,4.22E-06,0.000142172,83.5333,protein_coding,3405.41,1226.37,528.639,206.417,3.84719,NA,malate dehydrogenase,NA
CR_00560W_A,NTH1,-1.23365,7.98991,1.29E-06,7.71E-05,108.949,protein_coding,356.434,151.561,26.4593,21.3836,4.11289,NA,"alpha,alpha-trehalase NTH1",NA
CR_00620C_A,ARG1,-3.78936,8.00633,3.40E-06,0.000124677,90.6576,protein_coding,479.179,34.6047,216.882,14.201,3.90422,NA,argininosuccinate synthase,NA
CR_00640W_A,ACC1,-1.12665,9.46058,4.56E-06,0.000143792,82.0567,protein_coding,966.197,442.475,113.347,47.5033,3.84227,NA,acetyl-CoA carboxylase,NA
CR_00870C_A,SWF1,-1.0492,3.36275,3.89E-05,0.000499611,49.8067,protein_coding,13.585,6.55445,2.44442,0.664911,3.30137,NA,palmitoyltransferase,NA
CR_00930W_A,ATO10,1.02852,9.25718,0.00173443,0.00653852,18.2645,protein_coding,402.48,821.082,90.5021,267.844,2.18452,NA,Ato10p,NA
CR_01220W_A,CR_01220W_A,2.45929,0.821016,0.00234229,0.00822068,16.7754,protein_coding,0.484217,2.75928,0.157075,1.91832,2.08509,NA,uncharacterized protein,NA
CR_01280C_A,NPC2,1.5442,5.44709,1.97E-06,9.53E-05,99.0637,protein_coding,22.2084,64.7856,3.9155,11.1282,4.02069,NA,sterol transporter,NA
CR_01330W_A,CPA2,-3.45925,4.21708,3.78E-06,0.000134561,88.5177,protein_coding,33.7083,3.04421,15.8771,0.768141,3.87108,NA,carbamoyl-phosphate synthase (glutamine-hydrolyzing),NA
CR_01360W_A,CR_01360W_A,1.00699,2.4951,0.000213316,0.0015028,32.5868,protein_coding,3.63474,7.31826,0.649704,1.21538,2.8231,NA,MIND complex subunit,NA
CR_01410C_A,CR_01410C_A,1.34075,3.28664,4.08E-06,0.000139291,84.1565,protein_coding,5.42992,13.7656,0.396152,2.45682,3.85608,NA,uncharacterized protein,NA
CR_01440C_A,CR_01440C_A,-3.25841,5.85285,1.51E-05,0.000273104,64.1244,protein_coding,104.155,10.8581,51.6493,3.57998,3.56367,NA,uncharacterized protein,NA
CR_01490C_A,CR_01490C_A,-1.01613,7.28734,0.000347105,0.00208352,28.814,protein_coding,208.75,103.211,43.4209,24.7226,2.6812,NA,Arf family guanine nucleotide exchange factor,NA
CR_01620C_A,MET6,-1.31282,6.98393,2.81E-06,0.00011257,91.5106,protein_coding,180.207,72.5241,34.3066,6.38468,3.94858,NA,5-methyltetrahydropteroyltriglutamate-homocysteine S-methyltransferase,NA
CR_01700C_A,CR_01700C_A,1.00013,3.82958,0.000151787,0.00119683,35.5619,protein_coding,9.37354,18.7315,2.34985,1.35994,2.92197,NA,U6 snRNP complex subunit,NA
CR_01910C_A,CR_01910C_A,-1.14002,1.02835,0.0126516,0.0306919,9.28332,protein_coding,2.54048,1.11887,0.588937,0.714498,1.51298,NA,dethiobiotin synthase,NA
CR_02220C_A,OPT3,1.20477,5.91957,0.0152116,0.0355061,8.69497,protein_coding,36.5665,84.2443,22.5171,21.0466,1.4497,NA,Opt3p,NA
CR_02280W_A,PGA23,1.40915,5.69283,0.000257658,0.00170731,31.6142,protein_coding,28.2303,74.9764,9.07529,20.2495,2.76769,NA,Pga23p,NA
CR_02470W_A,CR_02470W_A,1.25257,8.78221,1.50E-05,0.000272584,62.4667,snoRNA,260.222,620.005,58.6215,49.5069,3.5645,NA,,NA
CR_02550C_A,CR_02550C_A,1.03085,3.50065,1.84E-05,0.000305863,59.5402,protein_coding,7.32305,14.9708,0.402319,2.42212,3.51447,NA,exosome non-catalytic core subunit,NA
CR_02800C_A,CR_02800C_A,1.10812,3.72909,0.00036907,0.00216367,28.1981,protein_coding,8.31076,17.8941,2.92276,0.692665,2.66481,NA,uncharacterized protein,NA
CR_02810W_A,CIRT4B,1.33839,3.66055,2.19E-05,0.000344809,57.1246,protein_coding,7.07396,17.8654,1.51456,3.13814,3.46242,NA,Cirt4bp,NA
CR_03040C_A,HGT18,1.16323,5.43554,8.98E-05,0.000834437,40.8489,protein_coding,26.6294,59.6282,7.15159,6.86621,3.07861,NA,Hgt18p,NA
CR_03190C_A,CR_03190C_A,1.78119,6.30364,9.02E-08,1.98E-05,194.004,snRNA,35.5449,122.191,4.38441,16.3113,4.70426,NA,,NA
CR_03450W_A,HXT5,1.21665,2.8152,4.11E-05,0.000520723,49.1462,protein_coding,4.12488,9.61068,0.844829,1.43656,3.28339,NA,Hxt5p,NA
CR_03480W_A,CR_03480W_A,1.26167,6.10532,0.000687599,0.00333894,24.1776,protein_coding,40.4511,96.9738,16.1841,10.7377,2.47639,NA,uncharacterized protein,NA
CR_03580C_A,CR_03580C_A,1.2336,2.80642,2.72E-05,0.000397035,54.2709,protein_coding,4.06871,9.58763,0.735623,1.41393,3.40117,NA,uncharacterized protein,NA
CR_03670W_A,CR_03670W_A,1.05119,0.651796,0.0115864,0.028623,9.61021,protein_coding,0.90358,1.87914,0.398875,0.500102,1.54328,NA,uncharacterized protein,NA
CR_03870W_A,CR_03870W_A,-1.03411,3.8906,0.000415934,0.00234362,27.3062,protein_coding,19.6302,9.57214,5.26423,1.56724,2.63011,NA,uncharacterized protein,NA
CR_04080C_A,SEC63,-1.27463,8.36853,1.68E-05,0.000286042,60.7661,protein_coding,467.37,193.171,75.6425,39.1341,3.54357,NA,protein-transporting protein,NA
CR_04220C_A,CR_04220C_A,4.26309,4.5098,3.20E-06,0.000121352,91.9391,protein_coding,2.25438,43.0844,1.90664,5.01678,3.91595,NA,uncharacterized protein,NA
CR_04420C_A,RBR2,3.39402,7.99982,5.59E-08,1.41E-05,217.848,protein_coding,44.454,467.323,9.84383,125.517,4.85099,NA,putative lipase,NA
CR_04440C_A,RBR1,3.2628,1.03349,1.90E-06,9.53E-05,101.409,protein_coding,0.346412,3.44814,0.0905502,1.04492,4.02069,NA,Rbr1p,NA
CR_04710W_A,CR_04710W_A,1.79185,1.35373,0.000436395,0.00241228,26.9993,protein_coding,1.0631,3.70277,0.607287,0.937379,2.61757,NA,putative peptidylprolyl isomerase,NA
CR_04770C_A,CR_04770C_A,1.04112,3.91009,0.00877919,0.0228978,10.7499,protein_coding,9.74241,20.0183,4.89994,2.98342,1.64021,NA,uncharacterized protein,NA
CR_04830C_A,CR_04830C_A,1.01914,3.20754,1.21E-05,0.000240676,65.6188,protein_coding,5.98826,12.1448,0.854079,0.772515,3.61857,NA,uncharacterized protein,NA
CR_04870C_A,CR_04870C_A,1.54756,7.96778,0.000608764,0.00305859,25.019,protein_coding,127.572,372.899,56.5276,90.3096,2.51448,NA,uncharacterized protein,NA
CR_04960C_A,CRG1,1.75981,7.02359,0.000115214,0.000973775,38.9642,protein_coding,59.2687,200.763,10.2213,93.0124,3.01154,NA,Crg1p,NA
CR_05100W_A,CR_05100W_A,1.0246,4.05655,8.58E-05,0.000812715,41.0512,protein_coding,10.8626,22.1286,1.71706,4.14988,3.09006,NA,uncharacterized protein,NA
CR_05140W_A,CR_05140W_A,-1.29085,5.13494,7.50E-05,0.000748884,42.7128,protein_coding,49.562,20.2384,10.1895,5.06695,3.12559,NA,uncharacterized protein,NA
CR_05170C_A,FDH1,3.59022,10.0429,2.88E-07,3.91E-05,152.931,protein_coding,161.732,1947.81,36.189,683.789,4.40728,NA,formate dehydrogenase (NAD+),NA
CR_05210W_A,CR_05210W_A,1.1961,0.673529,0.0122846,0.0299773,9.39744,protein_coding,0.85941,1.9743,0.379636,0.819489,1.52321,NA,uncharacterized protein,NA
CR_05330W_A,CR_05330W_A,1.02358,4.54276,0.000513954,0.00269833,25.9067,protein_coding,15.2661,31.0229,3.28269,7.84376,2.56891,NA,uncharacterized protein,NA
CR_05340C_A,IFE2,1.19631,5.97933,0.000202335,0.00145011,33.228,protein_coding,38.2502,87.65,11.8437,16.7452,2.8386,NA,Ife2p,NA
CR_05430W_A,CSP1,-2.48075,1.80837,7.40E-06,0.000187233,73.7969,protein_coding,5.5804,0.997504,1.52253,0.349379,3.72762,NA,Csp1p,NA
CR_05610C_A,SRR1,-1.27862,6.18108,1.22E-05,0.000240676,65.5409,protein_coding,102.439,42.218,18.6081,6.57699,3.61857,NA,Srr1p,NA
CR_05800C_A,LCL2,-1.23365,5.95508,0.000824291,0.00376912,22.9641,protein_coding,86.7246,36.878,26.1899,11.8327,2.42376,NA,uncharacterized protein,NA
CR_05940W_A,CEK2,-1.40455,1.51585,0.00623581,0.0175914,12.0747,protein_coding,3.84535,1.45976,1.55197,0.818111,1.7547,NA,Cek2p,NA
CR_06010W_A,CR_06010W_A,1.09187,5.17312,1.27E-05,0.000246763,64.8754,protein_coding,22.9469,48.9242,3.69411,6.42697,3.60772,NA,uncharacterized protein,NA
CR_06030C_A,CR_06030C_A,3.02875,1.00639,4.55E-05,0.000551641,48.6112,protein_coding,0.395277,3.28749,0.148929,1.58429,3.25834,NA,uncharacterized protein,NA
CR_06140W_A,CR_06140W_A,-1.07135,5.6718,0.000754443,0.00353083,23.5509,protein_coding,68.7712,32.7004,18.8391,7.3579,2.45212,NA,uncharacterized protein,NA
CR_06250W_A,CR_06250W_A,-1.23709,0.805101,0.00155932,0.00605556,18.8277,protein_coding,2.17815,0.925517,0.396099,0.356646,2.21785,NA,uncharacterized protein,NA
CR_06270W_A,CR_06270W_A,-1.32318,1.73037,0.000386204,0.00223697,27.8734,protein_coding,4.45789,1.75995,0.516961,0.688758,2.65034,NA,uncharacterized protein,NA
CR_06460W_A,GST3,1.78164,4.94378,3.48E-05,0.000477499,52.4534,protein_coding,13.8139,47.4616,4.85301,8.97008,3.32103,NA,Gst3p,NA
CR_06500C_A,CR_06500C_A,1.23732,5.56668,0.00264613,0.00902486,16.1767,protein_coding,28.1593,66.35,13.955,3.83504,2.04456,NA,uncharacterized protein,NA
CR_06510W_A,CR_06510W_A,1.78996,5.40712,6.50E-05,0.000684433,44.9924,protein_coding,18.9865,65.6136,8.12785,6.16339,3.16467,NA,uncharacterized protein,NA
CR_06550C_A,CR_06550C_A,-1.85251,5.3011,0.0009093,0.00403067,22.3266,protein_coding,61.368,16.9536,22.8454,8.73057,2.39462,NA,uncharacterized protein,NA
CR_06590C_A,RGS2,1.36843,3.36024,0.000766797,0.003571,23.1835,protein_coding,5.62768,14.5533,1.31081,5.8257,2.44721,NA,GTPase-activating protein,NA
CR_06770C_A,CR_06770C_A,-1.20921,6.87135,0.000146962,0.00116884,36.0712,protein_coding,163.165,70.5993,23.6585,22.8649,2.93224,NA,uncharacterized protein,NA
CR_06800C_A,HHF22,1.20421,8.77536,0.00741659,0.02016,11.431,protein_coding,265.164,610.948,126.922,206.327,1.69551,NA,histone,NA
CR_06810W_A,HHT2,1.37136,8.39665,0.00771323,0.0207813,11.2704,protein_coding,187.846,485.953,104.022,179.932,1.68233,NA,histone,NA
CR_07110C_A,CR_07110C_A,1.4152,2.50898,3.83E-05,0.000499406,49.9958,protein_coding,3.0146,8.05119,0.814002,1.22412,3.30155,NA,uncharacterized protein,NA
CR_07120C_A,CR_07120C_A,1.3234,4.41707,0.000285099,0.00182653,30.4353,protein_coding,12.1217,30.3214,4.68868,3.79674,2.73837,NA,uncharacterized protein,NA
CR_07140C_A,CR_07140C_A,-1.94336,2.11636,0.000392842,0.00225487,27.8913,protein_coding,6.5402,1.66695,1.92904,0.929304,2.64688,NA,uncharacterized protein,NA
CR_07290W_A,FRE7,1.10592,9.27034,0.0006556,0.00322435,24.2184,protein_coding,391.657,843.007,98.6667,219.634,2.49156,NA,Fre7p,NA
CR_07460C_A,CR_07460C_A,2.22383,5.88739,7.62E-06,0.000188892,75.2469,protein_coding,20.838,97.309,8.04118,17.1953,3.72379,NA,uncharacterized protein,NA
CR_07470W_A,CR_07470W_A,1.29702,3.98047,8.73E-06,0.000207417,70.761,protein_coding,9.04295,22.2473,1.42272,3.89624,3.68316,NA,guanine nucleotide exchange factor,NA
CR_07530C_A,ECM22,-1.42804,5.72944,0.000155794,0.00121446,36.0624,protein_coding,77.0124,28.603,26.6824,3.89114,2.91562,NA,Ecm22p,NA
CR_07620W_A,AAT21,-1.31974,10.8702,8.21E-07,6.25E-05,120.26,protein_coding,2672.48,1070.59,132.663,131.593,4.20426,NA,aspartate transaminase,NA
CR_07680C_A,CR_07680C_A,1.19863,1.5263,0.00106869,0.00453937,20.9987,protein_coding,1.64537,3.77511,0.658458,0.605681,2.343,NA,uncharacterized protein,NA
CR_07810W_A,YHB5,-2.63321,7.90237,0.000156049,0.00121446,36.0472,protein_coding,411.649,66.2933,108.677,41.7795,2.91562,NA,Yhb5p,NA
CR_07820W_A,CR_07820W_A,1.72581,0.868569,0.00014034,0.00113644,36.4589,protein_coding,0.759578,2.56243,0.122008,0.780013,2.94445,NA,uncharacterized protein,NA
CR_07830C_A,CR_07830C_A,-1.15769,5.44593,1.27E-06,7.71E-05,109.255,protein_coding,59.8908,26.8464,5.54133,3.29065,4.11289,NA,uncharacterized protein,NA
CR_07840C_A,CR_07840C_A,-2.11905,1.65765,2.56E-06,0.000111489,93.8039,protein_coding,4.7896,1.08955,0.990543,0.180748,3.95277,NA,uncharacterized protein,NA
CR_08250C_A,HSP104,-2.06208,9.30303,0.000429729,0.00238656,27.5478,protein_coding,1018.81,243.985,600.814,19.0043,2.62223,NA,chaperone ATPase,NA
CR_08350W_A,SIL1,-1.11148,6.61219,3.16E-06,0.000121352,89.158,protein_coding,133.449,61.7613,14.0906,8.52355,3.91595,NA,uncharacterized protein,NA
CR_08420W_A,CR_08420W_A,-1.20802,6.52001,0.0019908,0.00729624,17.6816,protein_coding,127.752,55.3156,57.4187,5.2197,2.1369,NA,uncharacterized protein,NA
CR_08440W_A,CR_08440W_A,-1.53196,2.95307,3.20E-05,0.000444705,52.2087,protein_coding,11.1728,3.85658,3.25462,0.351863,3.35193,NA,uncharacterized protein,NA
CR_08450C_A,CR_08450C_A,2.13058,5.43883,2.48E-06,0.000109955,95.0631,protein_coding,16.086,70.4365,4.94545,12.9394,3.95878,NA,uncharacterized protein,NA
CR_08510W_A,PGA13,2.80052,4.62721,6.43E-06,0.00017064,78.2931,protein_coding,6.18227,43.0233,2.88048,10.9513,3.76792,NA,Pga13p,NA
CR_08830W_A,CR_08830W_A,-1.81385,9.87804,5.72E-06,0.000159277,77.9383,protein_coding,1464.88,416.626,339.791,91.4989,3.79785,NA,uncharacterized protein,NA
CR_08920W_A,CR_08920W_A,1.14867,7.57437,1.89E-05,0.000309191,59.1031,protein_coding,118.391,262.52,9.76419,58.2709,3.50977,NA,uncharacterized protein,NA
CR_09070C_A,CR_09070C_A,1.29241,7.23552,0.000318501,0.00197553,29.8758,protein_coding,87.3076,213.851,27.3996,51.939,2.70432,NA,uncharacterized protein,NA
CR_09090C_A,CR_09090C_A,-1.09681,4.89625,1.57E-05,0.000278563,61.7927,protein_coding,40.2901,18.8454,5.84324,2.72413,3.55508,NA,uncharacterized protein,NA
CR_09330C_A,CR_09330C_A,-1.20995,6.9131,2.28E-06,0.000104722,95.9593,protein_coding,167.973,72.6054,17.8524,11.0259,3.97996,NA,uncharacterized protein,NA
CR_09360W_A,FCY24,1.18373,0.770374,0.00102056,0.00438639,21.3158,protein_coding,0.928685,2.13095,0.224239,0.445602,2.35789,NA,Fcy24p,NA
CR_09460C_A,CR_09460C_A,-1.00727,10.0115,4.30E-06,0.000142186,83.1475,protein_coding,1378.32,685.68,120.755,56.9688,3.84714,NA,uncharacterized protein,NA
CR_09530C_A,CR_09530C_A,1.0093,6.85401,0.000452615,0.0024641,26.8234,protein_coding,76.6937,154.353,19.9989,27.4697,2.60834,NA,uncharacterized protein,NA
CR_09680C_A,RTA4,1.08484,3.78504,0.0218067,0.0472654,7.47766,protein_coding,8.72713,18.4504,2.75759,9.30113,1.32546,NA,Rta4p,NA
CR_09880W_A,DEF1,1.04341,8.95953,0.000402412,0.00229193,27.5492,protein_coding,325.163,670.167,54.5985,176.141,2.6398,NA,Def1p,NA
CR_09910W_A,GNP3,-2.66424,8.07509,3.23E-06,0.000121352,91.7086,protein_coding,465.443,73.3946,47.1032,29.6946,3.91595,NA,Gnp3p,NA
CR_10100C_A,INO1,-5.07889,3.20895,0.000112315,0.000952049,39.6875,protein_coding,17.4156,0.500966,13.9228,0.218011,3.02134,NA,inositol-3-phosphate synthase,NA
CR_10110W_A,CHT3,3.86082,6.85881,4.76E-09,5.52E-06,367.365,protein_coding,14.9345,217.051,2.77823,53.8746,5.25792,NA,Cht3p,NA
CR_10200W_A,CR_10200W_A,-1.61956,1.31539,0.000369993,0.00216689,28.2281,protein_coding,3.44336,1.11387,0.929357,0.412835,2.66416,NA,uncharacterized protein,NA
CR_10310W_A,CR_10310W_A,1.21329,2.01794,9.71E-05,0.000872472,39.8249,protein_coding,2.33143,5.40658,0.329361,1.13343,3.05925,NA,uncharacterized protein,NA
CR_10320W_A,CR_10320W_A,5.89103,5.83905,1.96E-06,9.53E-05,102.86,protein_coding,1.90008,112.319,2.08099,37.9669,4.02069,NA,uncharacterized protein,NA
CR_10360C_A,CTM1,-1.21913,7.84485,5.93E-06,0.000162171,77.3145,protein_coding,321.323,138.009,41.5451,21.5789,3.79003,NA,cytochrome c lysine N-methyltransferase,NA
CR_10540C_A,MCD1,1.42084,2.90595,0.0129117,0.0311555,9.28277,protein_coding,3.99436,10.7,2.37507,6.33402,1.50647,NA,kleisin alpha,NA
CR_10570C_A,YHB4,-1.47838,4.38948,2.82E-06,0.00011257,91.5019,protein_coding,30.5295,10.9394,5.66403,1.55312,3.94858,NA,Yhb4p,NA
CR_10670W_A,CPR6,-1.45884,7.89282,4.24E-05,0.000529284,49.1151,protein_coding,348.187,126.665,111.291,7.91462,3.27631,NA,peptidylprolyl isomerase,NA
